-- phpMyAdmin SQL Dump
-- version 4.9.2
-- https://www.phpmyadmin.net/
--
-- Servidor: 127.0.0.1:3308
-- Tiempo de generación: 03-10-2020 a las 00:47:35
-- Versión del servidor: 8.0.18
-- Versión de PHP: 7.4.0

SET SQL_MODE = "NO_AUTO_VALUE_ON_ZERO";
SET AUTOCOMMIT = 0;
START TRANSACTION;
SET time_zone = "+00:00";


/*!40101 SET @OLD_CHARACTER_SET_CLIENT=@@CHARACTER_SET_CLIENT */;
/*!40101 SET @OLD_CHARACTER_SET_RESULTS=@@CHARACTER_SET_RESULTS */;
/*!40101 SET @OLD_COLLATION_CONNECTION=@@COLLATION_CONNECTION */;
/*!40101 SET NAMES utf8mb4 */;

--
-- Base de datos: `grupo8`
--
DROP DATABASE IF EXISTS GRUPO8;
CREATE DATABASE GRUPO8;
USE GRUPO8;
-- --------------------------------------------------------

--
-- Estructura de tabla para la tabla `alumnos`
--

DROP TABLE IF EXISTS `alumnos`;
CREATE TABLE IF NOT EXISTS `alumnos` (
  `IDALUMNO` varchar(6) NOT NULL,
  `MODULAR` varchar(8) DEFAULT NULL,
  `DNI` varchar(8) DEFAULT NULL,
  `APELLIDOPATERNO` varchar(50) DEFAULT NULL,
  `APELLIDOMATERNO` varchar(50) DEFAULT NULL,
  `PRIMERNOMBRE` varchar(50) DEFAULT NULL,
  `OTROSNOMBRES` varchar(50) DEFAULT NULL,
  `SEXO` varchar(20) DEFAULT NULL,
  `FECNACIMIENTO` date DEFAULT NULL,
  `IDPAIS` int(11) NOT NULL,
  `IDDEPARTAMENTO` int(11) NOT NULL,
  `IDPROVINCIA` int(11) NOT NULL,
  `IDDISTRITO` int(11) NOT NULL,
  `ESCALA` char(1) DEFAULT NULL,
  `AÑOINGRESO` int(11) DEFAULT NULL,
  `LENGUAMAT` varchar(20) DEFAULT NULL,
  `ESTADOCIVIL` varchar(20) DEFAULT NULL,
  `RELIGION` varchar(50) DEFAULT NULL,
  `FECBAUTIZO` date DEFAULT NULL,
  `PARROQUIA` varchar(80) DEFAULT NULL,
  `LASTCOLEGIO` varchar(80) DEFAULT NULL,
  `DIRECCION` varchar(150) DEFAULT NULL,
  `TELEFONO` int(11) DEFAULT NULL,
  `DOMDEPARTAMENTO` int(11) DEFAULT NULL,
  `DOMPROVINCIA` int(11) DEFAULT NULL,
  `DOMDISTRITO` int(11) DEFAULT NULL,
  `TRANSPORTE` varchar(50) DEFAULT NULL,
  `TIMETRANSPORTE` int(11) DEFAULT NULL,
  `MATERIAL` varchar(100) DEFAULT NULL,
  `ENERGIA` varchar(100) DEFAULT NULL,
  `AGUA` varchar(100) DEFAULT NULL,
  `DESAGUE` varchar(100) DEFAULT NULL,
  `SSHH` varchar(100) DEFAULT NULL,
  `HABITACIONES` int(11) DEFAULT NULL,
  `HABITANTES` int(11) DEFAULT NULL,
  `SITUACION` varchar(100) DEFAULT NULL,
  `ESTADO` char(1) DEFAULT NULL,
  `CREATED_AT` datetime DEFAULT CURRENT_TIMESTAMP,
  `UPDATED_AT` datetime DEFAULT CURRENT_TIMESTAMP,
  PRIMARY KEY (`IDALUMNO`),
  KEY `IDPAIS` (`IDPAIS`),
  KEY `IDDEPARTAMENTO` (`IDDEPARTAMENTO`),
  KEY `IDPROVINCIA` (`IDPROVINCIA`),
  KEY `IDDISTRITO` (`IDDISTRITO`)
) ENGINE=MyISAM DEFAULT CHARSET=utf8mb4 COLLATE=utf8mb4_0900_ai_ci;

--
-- Volcado de datos para la tabla `alumnos`
--

INSERT INTO `alumnos` (`IDALUMNO`, `MODULAR`, `DNI`, `APELLIDOPATERNO`, `APELLIDOMATERNO`, `PRIMERNOMBRE`, `OTROSNOMBRES`, `SEXO`, `FECNACIMIENTO`, `IDPAIS`, `IDDEPARTAMENTO`, `IDPROVINCIA`, `IDDISTRITO`, `ESCALA`, `AÑOINGRESO`, `LENGUAMAT`, `ESTADOCIVIL`, `RELIGION`, `FECBAUTIZO`, `PARROQUIA`, `LASTCOLEGIO`, `DIRECCION`, `TELEFONO`, `DOMDEPARTAMENTO`, `DOMPROVINCIA`, `DOMDISTRITO`, `TRANSPORTE`, `TIMETRANSPORTE`, `MATERIAL`, `ENERGIA`, `AGUA`, `DESAGUE`, `SSHH`, `HABITACIONES`, `HABITANTES`, `SITUACION`, `ESTADO`, `CREATED_AT`, `UPDATED_AT`) VALUES
('1', '684684', '12345678', 'León', 'Paz', 'Víctor', 'Tiburonsin Enrique', 'MASCULINO', '2020-08-31', 1, 113, 11301, 1130104, 'C', 2020, 'CASTELLANO', 'SOLTERO', 'ATEO', '2020-08-31', 'San Livias', 'Las Carmelitas', 'Auxiliar Panamericana Nte., Huanchaco 13000', 44696969, 113, 11301, 1130104, 'A PIE', 30, 'LADRILLO Y/O CEMENTO', 'INSTALACION DOMICILIARIA', 'INSTALACION COMPARTIDA', 'INSTAL. DOMICILIARIA DE RED PUBLICA', 'INODORO CON AGUA CORRIENTE', 1, 20, 'PROMOVIDO', '1', '2020-08-31 20:24:47', '2020-08-31 20:26:42'),
('2', '684684', '1234574', 'Salinas', 'Meza', 'John', 'Erick', 'MASCULINO', '2020-08-31', 1, 113, 11301, 1130101, 'A', 2020, 'CASTELLANO', 'CASADO', 'CATOLICA', '2020-08-31', 'Iglesia abc', 'abc', 'abc', 44123456, 113, 11301, 1130101, 'MICROBUS', 10, 'LADRILLO Y/O CEMENTO', 'INSTALACION DOMICILIARIA', 'INSTALACION COMPARTIDA', 'INSTAL. DOMICILIARIA DE RED PUBLICA', 'INODORO CON AGUA CORRIENTE', 3, 5, 'PROMOVIDO', '1', '2020-08-31 21:44:46', '2020-08-31 21:44:46'),
('3', '68468', '12345678', 'azañedo', 'games', 'wilson', 'david', 'MASCULINO', '2020-08-31', 1, 113, 11301, 1130101, 'B', 2020, 'CASTELLANO', 'CASADO', 'CATOLICA', '2020-08-31', 'asd', 'asd', 'asd', 4684, 113, 11301, 1130101, 'A PIE', 10, 'LADRILLO Y/O CEMENTO', 'INSTALACION DOMICILIARIA', 'INSTALACION COMPARTIDA', 'INSTAL. DOMICILIARIA DE RED PUBLICA', 'INODORO CON AGUA CORRIENTE', 10, 12, 'PROMOVIDO', '1', '2020-08-31 22:45:44', '2020-08-31 22:45:44');

-- --------------------------------------------------------

--
-- Estructura de tabla para la tabla `cursos`
--

DROP TABLE IF EXISTS `cursos`;
CREATE TABLE IF NOT EXISTS `cursos` (
  `IDCURSO` int(11) NOT NULL AUTO_INCREMENT,
  `IDNIVEL` int(11) NOT NULL,
  `IDGRADO` int(11) NOT NULL,
  `CODIGO` varchar(5) DEFAULT NULL,
  `CURSO` varchar(50) DEFAULT NULL,
  `ESTADO` char(1) DEFAULT NULL,
  `CREATED_AT` datetime DEFAULT CURRENT_TIMESTAMP,
  `UPDATED_AT` datetime DEFAULT CURRENT_TIMESTAMP,
  PRIMARY KEY (`IDCURSO`),
  KEY `IDNIVEL` (`IDNIVEL`),
  KEY `IDGRADO` (`IDGRADO`)
) ENGINE=MyISAM AUTO_INCREMENT=33 DEFAULT CHARSET=utf8mb4 COLLATE=utf8mb4_0900_ai_ci;

--
-- Volcado de datos para la tabla `cursos`
--

INSERT INTO `cursos` (`IDCURSO`, `IDNIVEL`, `IDGRADO`, `CODIGO`, `CURSO`, `ESTADO`, `CREATED_AT`, `UPDATED_AT`) VALUES
(1, 1, 1, 'CO', 'COMUNICACION', '1', '2020-08-31 16:36:15', '2020-08-31 16:36:15'),
(2, 1, 1, 'ZO', 'COMPUTACION', '1', '2020-08-31 16:36:30', '2020-08-31 16:36:30'),
(3, 1, 2, 'CO', 'COMUNICACION', '1', '2020-08-31 16:36:15', '2020-08-31 16:36:15'),
(4, 1, 2, 'ZO', 'COMPUTACION', '1', '2020-08-31 16:36:30', '2020-08-31 16:36:30'),
(5, 1, 3, 'CO', 'COMUNICACION', '1', '2020-08-31 16:36:15', '2020-08-31 16:36:15'),
(6, 1, 3, 'ZO', 'COMPUTACION', '1', '2020-08-31 16:36:30', '2020-08-31 16:36:30'),
(7, 2, 4, 'CO', 'COMUNICACION', '1', '2020-08-31 16:36:15', '2020-08-31 16:36:15'),
(8, 2, 4, 'ZO', 'COMPUTACION', '1', '2020-08-31 16:36:30', '2020-08-31 16:36:30'),
(9, 2, 5, 'CO', 'COMUNICACION', '1', '2020-08-31 16:36:15', '2020-08-31 16:36:15'),
(10, 2, 5, 'ZO', 'COMPUTACION', '1', '2020-08-31 16:36:30', '2020-08-31 16:36:30'),
(11, 2, 6, 'CO', 'COMUNICACION', '1', '2020-08-31 16:36:15', '2020-08-31 16:36:15'),
(12, 2, 6, 'ZO', 'COMPUTACION', '1', '2020-08-31 16:36:30', '2020-08-31 16:36:30'),
(13, 2, 7, 'CO', 'COMUNICACION', '1', '2020-08-31 16:36:15', '2020-08-31 16:36:15'),
(14, 2, 7, 'ZO', 'COMPUTACION', '1', '2020-08-31 16:36:30', '2020-08-31 16:36:30'),
(15, 2, 8, 'ZO', 'COMPUTACION', '1', '2020-08-31 16:36:30', '2020-08-31 16:36:30'),
(16, 2, 8, 'CO', 'COMUNICACION', '1', '2020-08-31 16:36:15', '2020-08-31 16:36:15'),
(17, 2, 9, 'ZO', 'COMPUTACION', '1', '2020-08-31 16:36:30', '2020-08-31 16:36:30'),
(18, 2, 9, 'CO', 'COMUNICACION', '1', '2020-08-31 16:36:15', '2020-08-31 16:36:15'),
(19, 2, 7, 'MA', 'MATEMATICA', '1', '2020-08-31 16:36:30', '2020-08-31 16:36:30'),
(20, 3, 10, 'CO', 'COMUNICACION', '1', '2020-08-31 16:36:15', '2020-08-31 16:36:15'),
(21, 3, 10, 'ZO', 'COMPUTACION', '1', '2020-08-31 16:36:30', '2020-08-31 16:36:30'),
(22, 3, 11, 'CO', 'COMUNICACION', '1', '2020-08-31 16:36:15', '2020-08-31 16:36:15'),
(23, 3, 11, 'ZO', 'COMPUTACION', '1', '2020-08-31 16:36:30', '2020-08-31 16:36:30'),
(24, 3, 12, 'CO', 'COMUNICACION', '1', '2020-08-31 16:36:15', '2020-08-31 16:36:15'),
(25, 3, 12, 'ZO', 'COMPUTACION', '1', '2020-08-31 16:36:30', '2020-08-31 16:36:30'),
(26, 3, 13, 'CO', 'COMUNICACION', '1', '2020-08-31 16:36:15', '2020-08-31 16:36:15'),
(27, 3, 13, 'ZO', 'COMPUTACION', '1', '2020-08-31 16:36:30', '2020-08-31 16:36:30'),
(28, 3, 14, 'ZO', 'COMPUTACION', '1', '2020-08-31 16:36:30', '2020-08-31 16:36:30'),
(29, 3, 14, 'CO', 'COMUNICACION', '1', '2020-08-31 16:36:15', '2020-08-31 16:36:15'),
(30, 2, 9, 'zi', 'INGLES', '1', '2020-08-31 16:36:30', '2020-08-31 16:36:30'),
(31, 2, 9, 'ZI', 'INGLES', '1', '2020-08-31 16:36:15', '2020-08-31 16:36:15'),
(32, 1, 3, 'ZI', 'INGLES', '1', '2020-08-31 17:41:20', '2020-08-31 17:41:20');

-- --------------------------------------------------------

--
-- Estructura de tabla para la tabla `departamentos`
--

DROP TABLE IF EXISTS `departamentos`;
CREATE TABLE IF NOT EXISTS `departamentos` (
  `IDDEPARTAMENTO` int(11) NOT NULL AUTO_INCREMENT,
  `DEPARTAMENTO` varchar(50) DEFAULT NULL,
  `IDPAIS` int(11) NOT NULL,
  `CREATED_AT` datetime DEFAULT CURRENT_TIMESTAMP,
  `UPDATED_AT` datetime DEFAULT CURRENT_TIMESTAMP,
  PRIMARY KEY (`IDDEPARTAMENTO`),
  KEY `IDPAIS` (`IDPAIS`)
) ENGINE=MyISAM AUTO_INCREMENT=126 DEFAULT CHARSET=utf8mb4 COLLATE=utf8mb4_0900_ai_ci;

--
-- Volcado de datos para la tabla `departamentos`
--

INSERT INTO `departamentos` (`IDDEPARTAMENTO`, `DEPARTAMENTO`, `IDPAIS`, `CREATED_AT`, `UPDATED_AT`) VALUES
(101, 'AMAZONAS', 1, '2020-08-31 15:19:33', '2020-08-31 15:19:33'),
(102, 'ANCASH', 1, '2020-08-31 15:19:33', '2020-08-31 15:19:33'),
(103, 'APURIMAC', 1, '2020-08-31 15:19:33', '2020-08-31 15:19:33'),
(104, 'AREQUIPA', 1, '2020-08-31 15:19:33', '2020-08-31 15:19:33'),
(105, 'AYACUCHO', 1, '2020-08-31 15:19:33', '2020-08-31 15:19:33'),
(106, 'CAJAMARCA', 1, '2020-08-31 15:19:33', '2020-08-31 15:19:33'),
(107, 'CALLAO', 1, '2020-08-31 15:19:33', '2020-08-31 15:19:33'),
(108, 'CUSCO', 1, '2020-08-31 15:19:33', '2020-08-31 15:19:33'),
(109, 'HUANCAVELICA', 1, '2020-08-31 15:19:33', '2020-08-31 15:19:33'),
(110, 'HUANUCO', 1, '2020-08-31 15:19:33', '2020-08-31 15:19:33'),
(111, 'ICA', 1, '2020-08-31 15:19:33', '2020-08-31 15:19:33'),
(112, 'JUNÍN', 1, '2020-08-31 15:19:33', '2020-08-31 15:19:33'),
(113, 'LA LIBERTAD', 1, '2020-08-31 15:19:33', '2020-08-31 15:19:33'),
(114, 'LAMBAYEQUE', 1, '2020-08-31 15:19:33', '2020-08-31 15:19:33'),
(115, 'LIMA', 1, '2020-08-31 15:19:33', '2020-08-31 15:19:33'),
(116, 'LORETO', 1, '2020-08-31 15:19:33', '2020-08-31 15:19:33'),
(117, 'MADRE DE DIOS', 1, '2020-08-31 15:19:33', '2020-08-31 15:19:33'),
(118, 'MOQUEGUA', 1, '2020-08-31 15:19:33', '2020-08-31 15:19:33'),
(119, 'PASCO', 1, '2020-08-31 15:19:33', '2020-08-31 15:19:33'),
(120, 'PIURA', 1, '2020-08-31 15:19:33', '2020-08-31 15:19:33'),
(121, 'PUNO', 1, '2020-08-31 15:19:33', '2020-08-31 15:19:33'),
(122, 'SAN MARTÍN', 1, '2020-08-31 15:19:33', '2020-08-31 15:19:33'),
(123, 'TACNA', 1, '2020-08-31 15:19:33', '2020-08-31 15:19:33'),
(124, 'TUMBES', 1, '2020-08-31 15:19:33', '2020-08-31 15:19:33'),
(125, 'UCAYALI', 1, '2020-08-31 15:19:33', '2020-08-31 15:19:33');

-- --------------------------------------------------------

--
-- Estructura de tabla para la tabla `distritos`
--

DROP TABLE IF EXISTS `distritos`;
CREATE TABLE IF NOT EXISTS `distritos` (
  `IDDISTRITO` int(11) NOT NULL AUTO_INCREMENT,
  `DISTRITO` varchar(100) DEFAULT NULL,
  `IDPROVINCIA` int(11) NOT NULL,
  `IDDEPARTAMENTO` int(11) NOT NULL,
  `IDPAIS` int(11) NOT NULL,
  `CREATED_AT` datetime DEFAULT CURRENT_TIMESTAMP,
  `UPDATED_AT` datetime DEFAULT CURRENT_TIMESTAMP,
  PRIMARY KEY (`IDDISTRITO`),
  KEY `IDPAIS` (`IDPAIS`),
  KEY `IDDEPARTAMENTO` (`IDDEPARTAMENTO`),
  KEY `IDPROVINCIA` (`IDPROVINCIA`)
) ENGINE=MyISAM AUTO_INCREMENT=1250402 DEFAULT CHARSET=utf8mb4 COLLATE=utf8mb4_0900_ai_ci;

--
-- Volcado de datos para la tabla `distritos`
--

INSERT INTO `distritos` (`IDDISTRITO`, `DISTRITO`, `IDPROVINCIA`, `IDDEPARTAMENTO`, `IDPAIS`, `CREATED_AT`, `UPDATED_AT`) VALUES
(1010101, 'CHACHAPOYAS', 10101, 101, 1, '2020-08-31 15:19:38', '2020-08-31 15:19:38'),
(1010102, 'ASUNCIÓN', 10101, 101, 1, '2020-08-31 15:19:38', '2020-08-31 15:19:38'),
(1010103, 'BALSAS', 10101, 101, 1, '2020-08-31 15:19:38', '2020-08-31 15:19:38'),
(1010104, 'CHETO', 10101, 101, 1, '2020-08-31 15:19:38', '2020-08-31 15:19:38'),
(1010105, 'CHILIQUÍN', 10101, 101, 1, '2020-08-31 15:19:38', '2020-08-31 15:19:38'),
(1010106, 'CHUQUIBAMBA', 10101, 101, 1, '2020-08-31 15:19:38', '2020-08-31 15:19:38'),
(1010107, 'GRANADA', 10101, 101, 1, '2020-08-31 15:19:38', '2020-08-31 15:19:38'),
(1010108, 'HUANCAS', 10101, 101, 1, '2020-08-31 15:19:38', '2020-08-31 15:19:38'),
(1010109, 'LA JALCA', 10101, 101, 1, '2020-08-31 15:19:38', '2020-08-31 15:19:38'),
(1010110, 'LEIMEBAMBA', 10101, 101, 1, '2020-08-31 15:19:38', '2020-08-31 15:19:38'),
(1010111, 'LEVANTO', 10101, 101, 1, '2020-08-31 15:19:38', '2020-08-31 15:19:38'),
(1010112, 'MAGDALENA', 10101, 101, 1, '2020-08-31 15:19:38', '2020-08-31 15:19:38'),
(1010113, 'MARISCAL CASTILLA', 10101, 101, 1, '2020-08-31 15:19:38', '2020-08-31 15:19:38'),
(1010114, 'MOLINOPAMPA', 10101, 101, 1, '2020-08-31 15:19:38', '2020-08-31 15:19:38'),
(1010115, 'MONTEVIDEO', 10101, 101, 1, '2020-08-31 15:19:38', '2020-08-31 15:19:38'),
(1010116, 'OLLEROS', 10101, 101, 1, '2020-08-31 15:19:38', '2020-08-31 15:19:38'),
(1010117, 'QUINJALCA', 10101, 101, 1, '2020-08-31 15:19:38', '2020-08-31 15:19:38'),
(1010118, 'SAN FRANCISCO DE DAGUAS', 10101, 101, 1, '2020-08-31 15:19:38', '2020-08-31 15:19:38'),
(1010119, 'SAN ISIDRO DE MAINO', 10101, 101, 1, '2020-08-31 15:19:38', '2020-08-31 15:19:38'),
(1010120, 'SOLOCO', 10101, 101, 1, '2020-08-31 15:19:38', '2020-08-31 15:19:38'),
(1010121, 'SONCHE', 10101, 101, 1, '2020-08-31 15:19:38', '2020-08-31 15:19:38'),
(1010201, 'BAGUA', 10102, 101, 1, '2020-08-31 15:19:38', '2020-08-31 15:19:38'),
(1010202, 'ARAMANGO', 10102, 101, 1, '2020-08-31 15:19:38', '2020-08-31 15:19:38'),
(1010203, 'COPALLÍN', 10102, 101, 1, '2020-08-31 15:19:38', '2020-08-31 15:19:38'),
(1010204, 'EL PARCO', 10102, 101, 1, '2020-08-31 15:19:38', '2020-08-31 15:19:38'),
(1010205, 'IMAZA', 10102, 101, 1, '2020-08-31 15:19:38', '2020-08-31 15:19:38'),
(1010206, 'LA PECA', 10102, 101, 1, '2020-08-31 15:19:38', '2020-08-31 15:19:38'),
(1010301, 'JUMBILLA', 10103, 101, 1, '2020-08-31 15:19:38', '2020-08-31 15:19:38'),
(1010302, 'CHISQUILLA', 10103, 101, 1, '2020-08-31 15:19:38', '2020-08-31 15:19:38'),
(1010303, 'CHURUJA', 10103, 101, 1, '2020-08-31 15:19:38', '2020-08-31 15:19:38'),
(1010304, 'COROSHA', 10103, 101, 1, '2020-08-31 15:19:38', '2020-08-31 15:19:38'),
(1010305, 'CUISPES', 10103, 101, 1, '2020-08-31 15:19:38', '2020-08-31 15:19:38'),
(1010306, 'FLORIDA', 10103, 101, 1, '2020-08-31 15:19:38', '2020-08-31 15:19:38'),
(1010307, 'JAZÁN', 10103, 101, 1, '2020-08-31 15:19:38', '2020-08-31 15:19:38'),
(1010308, 'RECTA', 10103, 101, 1, '2020-08-31 15:19:38', '2020-08-31 15:19:38'),
(1010309, 'SAN CARLOS', 10103, 101, 1, '2020-08-31 15:19:38', '2020-08-31 15:19:38'),
(1010310, 'SHIPASBAMBA', 10103, 101, 1, '2020-08-31 15:19:38', '2020-08-31 15:19:38'),
(1010311, 'VALERA', 10103, 101, 1, '2020-08-31 15:19:38', '2020-08-31 15:19:38'),
(1010312, 'YAMBRASBAMBA', 10103, 101, 1, '2020-08-31 15:19:38', '2020-08-31 15:19:38'),
(1010401, 'NIEVA', 10104, 101, 1, '2020-08-31 15:19:38', '2020-08-31 15:19:38'),
(1010402, 'EL CENEPA', 10104, 101, 1, '2020-08-31 15:19:38', '2020-08-31 15:19:38'),
(1010403, 'RÍO SANTIAGO', 10104, 101, 1, '2020-08-31 15:19:38', '2020-08-31 15:19:38'),
(1010501, 'LÁMUD', 10105, 101, 1, '2020-08-31 15:19:38', '2020-08-31 15:19:38'),
(1010502, 'CAMPORREDONDO', 10105, 101, 1, '2020-08-31 15:19:38', '2020-08-31 15:19:38'),
(1010503, 'COCABAMBA', 10105, 101, 1, '2020-08-31 15:19:38', '2020-08-31 15:19:38'),
(1010504, 'COLCAMAR', 10105, 101, 1, '2020-08-31 15:19:38', '2020-08-31 15:19:38'),
(1010505, 'CONILA', 10105, 101, 1, '2020-08-31 15:19:38', '2020-08-31 15:19:38'),
(1010506, 'INGUILPATA', 10105, 101, 1, '2020-08-31 15:19:38', '2020-08-31 15:19:38'),
(1010507, 'LONGUITA', 10105, 101, 1, '2020-08-31 15:19:38', '2020-08-31 15:19:38'),
(1010508, 'LONYA CHICO', 10105, 101, 1, '2020-08-31 15:19:38', '2020-08-31 15:19:38'),
(1010509, 'LUYA', 10105, 101, 1, '2020-08-31 15:19:38', '2020-08-31 15:19:38'),
(1010510, 'LUYA VIEJO', 10105, 101, 1, '2020-08-31 15:19:38', '2020-08-31 15:19:38'),
(1010511, 'MARÍA', 10105, 101, 1, '2020-08-31 15:19:38', '2020-08-31 15:19:38'),
(1010512, 'OCALLI', 10105, 101, 1, '2020-08-31 15:19:38', '2020-08-31 15:19:38'),
(1010513, 'OCUMAL', 10105, 101, 1, '2020-08-31 15:19:38', '2020-08-31 15:19:38'),
(1010514, 'PISUQUÍA', 10105, 101, 1, '2020-08-31 15:19:38', '2020-08-31 15:19:38'),
(1010515, 'PROVIDENCIA', 10105, 101, 1, '2020-08-31 15:19:38', '2020-08-31 15:19:38'),
(1010516, 'SAN CRISTÓBAL', 10105, 101, 1, '2020-08-31 15:19:38', '2020-08-31 15:19:38'),
(1010517, 'SAN FRANCISCO DEL YESO', 10105, 101, 1, '2020-08-31 15:19:38', '2020-08-31 15:19:38'),
(1010518, 'SAN JERÓNIMO', 10105, 101, 1, '2020-08-31 15:19:38', '2020-08-31 15:19:38'),
(1010519, 'SAN JUAN DE LOPECANCHA', 10105, 101, 1, '2020-08-31 15:19:38', '2020-08-31 15:19:38'),
(1010520, 'SANTA CATALINA', 10105, 101, 1, '2020-08-31 15:19:38', '2020-08-31 15:19:38'),
(1010521, 'SANTO TOMÁS', 10105, 101, 1, '2020-08-31 15:19:38', '2020-08-31 15:19:38'),
(1010522, 'TINGO', 10105, 101, 1, '2020-08-31 15:19:38', '2020-08-31 15:19:38'),
(1010523, 'TRITA', 10105, 101, 1, '2020-08-31 15:19:38', '2020-08-31 15:19:38'),
(1010601, 'SAN NICOLÁS', 10106, 101, 1, '2020-08-31 15:19:38', '2020-08-31 15:19:38'),
(1010602, 'CHIRIMOTO', 10106, 101, 1, '2020-08-31 15:19:38', '2020-08-31 15:19:38'),
(1010603, 'COCHAMAL', 10106, 101, 1, '2020-08-31 15:19:38', '2020-08-31 15:19:38'),
(1010604, 'HUAMBO', 10106, 101, 1, '2020-08-31 15:19:38', '2020-08-31 15:19:38'),
(1010605, 'LIMABAMBA', 10106, 101, 1, '2020-08-31 15:19:38', '2020-08-31 15:19:38'),
(1010606, 'LONGAR', 10106, 101, 1, '2020-08-31 15:19:38', '2020-08-31 15:19:38'),
(1010607, 'MARISCAL BENAVIDES', 10106, 101, 1, '2020-08-31 15:19:38', '2020-08-31 15:19:38'),
(1010608, 'MÍLPUC', 10106, 101, 1, '2020-08-31 15:19:38', '2020-08-31 15:19:38'),
(1010609, 'OMIA', 10106, 101, 1, '2020-08-31 15:19:38', '2020-08-31 15:19:38'),
(1010610, 'SANTA ROSA', 10106, 101, 1, '2020-08-31 15:19:38', '2020-08-31 15:19:38'),
(1010611, 'TOTORA', 10106, 101, 1, '2020-08-31 15:19:38', '2020-08-31 15:19:38'),
(1010612, 'VISTA ALEGRE', 10106, 101, 1, '2020-08-31 15:19:38', '2020-08-31 15:19:38'),
(1010701, 'BAGUA GRANDE', 10107, 101, 1, '2020-08-31 15:19:38', '2020-08-31 15:19:38'),
(1010702, 'CAJARURO', 10107, 101, 1, '2020-08-31 15:19:38', '2020-08-31 15:19:38'),
(1010703, 'CUMBA', 10107, 101, 1, '2020-08-31 15:19:38', '2020-08-31 15:19:38'),
(1010704, 'EL MILAGRO', 10107, 101, 1, '2020-08-31 15:19:38', '2020-08-31 15:19:38'),
(1010705, 'JAMALCA', 10107, 101, 1, '2020-08-31 15:19:38', '2020-08-31 15:19:38'),
(1010706, 'LONYA GRANDE', 10107, 101, 1, '2020-08-31 15:19:38', '2020-08-31 15:19:38'),
(1010707, 'YAMÓN', 10107, 101, 1, '2020-08-31 15:19:38', '2020-08-31 15:19:38'),
(1020101, 'HUARAZ', 10201, 102, 1, '2020-08-31 15:19:38', '2020-08-31 15:19:38'),
(1020102, 'COCHABAMBA', 10201, 102, 1, '2020-08-31 15:19:38', '2020-08-31 15:19:38'),
(1020103, 'COLCABAMBA', 10201, 102, 1, '2020-08-31 15:19:38', '2020-08-31 15:19:38'),
(1020104, 'HUANCHAY', 10201, 102, 1, '2020-08-31 15:19:38', '2020-08-31 15:19:38'),
(1020105, 'INDEPENDENCIA', 10201, 102, 1, '2020-08-31 15:19:38', '2020-08-31 15:19:38'),
(1020106, 'JANGAS', 10201, 102, 1, '2020-08-31 15:19:38', '2020-08-31 15:19:38'),
(1020107, 'LA LIBERTAD', 10201, 102, 1, '2020-08-31 15:19:38', '2020-08-31 15:19:38'),
(1020108, 'OLLEROS', 10201, 102, 1, '2020-08-31 15:19:38', '2020-08-31 15:19:38'),
(1020109, 'PAMPAS GRANDE', 10201, 102, 1, '2020-08-31 15:19:38', '2020-08-31 15:19:38'),
(1020110, 'PARIACOTO', 10201, 102, 1, '2020-08-31 15:19:38', '2020-08-31 15:19:38'),
(1020111, 'PIRA', 10201, 102, 1, '2020-08-31 15:19:38', '2020-08-31 15:19:38'),
(1020112, 'TARICA', 10201, 102, 1, '2020-08-31 15:19:38', '2020-08-31 15:19:38'),
(1020201, 'AIJA', 10202, 102, 1, '2020-08-31 15:19:38', '2020-08-31 15:19:38'),
(1020202, 'CORIS', 10202, 102, 1, '2020-08-31 15:19:38', '2020-08-31 15:19:38'),
(1020203, 'HUACLLÁN', 10202, 102, 1, '2020-08-31 15:19:38', '2020-08-31 15:19:38'),
(1020204, 'LA MERCED', 10202, 102, 1, '2020-08-31 15:19:38', '2020-08-31 15:19:38'),
(1020205, 'SUCCHA', 10202, 102, 1, '2020-08-31 15:19:38', '2020-08-31 15:19:38'),
(1020301, 'LLAMELLÍN', 10203, 102, 1, '2020-08-31 15:19:38', '2020-08-31 15:19:38'),
(1020302, 'ACZO', 10203, 102, 1, '2020-08-31 15:19:38', '2020-08-31 15:19:38'),
(1020303, 'CHACCHO', 10203, 102, 1, '2020-08-31 15:19:38', '2020-08-31 15:19:38'),
(1020304, 'CHINGAS', 10203, 102, 1, '2020-08-31 15:19:38', '2020-08-31 15:19:38'),
(1020305, 'MIRGAS', 10203, 102, 1, '2020-08-31 15:19:38', '2020-08-31 15:19:38'),
(1020306, 'SAN JUAN DE RONTOY', 10203, 102, 1, '2020-08-31 15:19:38', '2020-08-31 15:19:38'),
(1020401, 'CHACAS', 10204, 102, 1, '2020-08-31 15:19:38', '2020-08-31 15:19:38'),
(1020402, 'ACOCHACA', 10204, 102, 1, '2020-08-31 15:19:38', '2020-08-31 15:19:38'),
(1020501, 'CHIQUIÁN', 10205, 102, 1, '2020-08-31 15:19:38', '2020-08-31 15:19:38'),
(1020502, 'ABELARDO PARDO', 10205, 102, 1, '2020-08-31 15:19:38', '2020-08-31 15:19:38'),
(1020503, 'ANTONIO RAIMONDI', 10205, 102, 1, '2020-08-31 15:19:38', '2020-08-31 15:19:38'),
(1020504, 'AQUIA', 10205, 102, 1, '2020-08-31 15:19:38', '2020-08-31 15:19:38'),
(1020505, 'CAJACAY', 10205, 102, 1, '2020-08-31 15:19:38', '2020-08-31 15:19:38'),
(1020506, 'CANIS', 10205, 102, 1, '2020-08-31 15:19:38', '2020-08-31 15:19:38'),
(1020507, 'CÓLQUIOC', 10205, 102, 1, '2020-08-31 15:19:38', '2020-08-31 15:19:38'),
(1020508, 'HUALLANCA', 10205, 102, 1, '2020-08-31 15:19:38', '2020-08-31 15:19:38'),
(1020509, 'HUASTA', 10205, 102, 1, '2020-08-31 15:19:38', '2020-08-31 15:19:38'),
(1020510, 'HUAYLLACAYÁN', 10205, 102, 1, '2020-08-31 15:19:38', '2020-08-31 15:19:38'),
(1020511, 'LA PRIMAVERA', 10205, 102, 1, '2020-08-31 15:19:38', '2020-08-31 15:19:38'),
(1020512, 'MANGAS', 10205, 102, 1, '2020-08-31 15:19:38', '2020-08-31 15:19:38'),
(1020513, 'PACLLÓN', 10205, 102, 1, '2020-08-31 15:19:38', '2020-08-31 15:19:38'),
(1020514, 'SAN MIGUEL DE CORPANQUI', 10205, 102, 1, '2020-08-31 15:19:38', '2020-08-31 15:19:38'),
(1020515, 'TICLLOS', 10205, 102, 1, '2020-08-31 15:19:38', '2020-08-31 15:19:38'),
(1020601, 'CARHUAZ', 10206, 102, 1, '2020-08-31 15:19:38', '2020-08-31 15:19:38'),
(1020602, 'ACOPAMPA', 10206, 102, 1, '2020-08-31 15:19:38', '2020-08-31 15:19:38'),
(1020603, 'AMASHCA', 10206, 102, 1, '2020-08-31 15:19:38', '2020-08-31 15:19:38'),
(1020604, 'ANTA', 10206, 102, 1, '2020-08-31 15:19:38', '2020-08-31 15:19:38'),
(1020605, 'ATAQUERO', 10206, 102, 1, '2020-08-31 15:19:38', '2020-08-31 15:19:38'),
(1020606, 'MARCARÁ', 10206, 102, 1, '2020-08-31 15:19:38', '2020-08-31 15:19:38'),
(1020607, 'PARIAHUANCA', 10206, 102, 1, '2020-08-31 15:19:38', '2020-08-31 15:19:38'),
(1020608, 'SAN MIGUEL DE ACO', 10206, 102, 1, '2020-08-31 15:19:38', '2020-08-31 15:19:38'),
(1020609, 'SHILLA', 10206, 102, 1, '2020-08-31 15:19:38', '2020-08-31 15:19:38'),
(1020610, 'TINCO', 10206, 102, 1, '2020-08-31 15:19:38', '2020-08-31 15:19:38'),
(1020611, 'YUNGAR', 10206, 102, 1, '2020-08-31 15:19:38', '2020-08-31 15:19:38'),
(1020701, 'SAN LUIS', 10207, 102, 1, '2020-08-31 15:19:38', '2020-08-31 15:19:38'),
(1020702, 'SAN NICOLÁS', 10207, 102, 1, '2020-08-31 15:19:38', '2020-08-31 15:19:38'),
(1020703, 'YAUYA', 10207, 102, 1, '2020-08-31 15:19:38', '2020-08-31 15:19:38'),
(1020801, 'CASMA', 10208, 102, 1, '2020-08-31 15:19:38', '2020-08-31 15:19:38'),
(1020802, 'BUENAVISTA ALTA', 10208, 102, 1, '2020-08-31 15:19:38', '2020-08-31 15:19:38'),
(1020803, 'COMANDANTE NOEL', 10208, 102, 1, '2020-08-31 15:19:38', '2020-08-31 15:19:38'),
(1020804, 'YAUTÁN', 10208, 102, 1, '2020-08-31 15:19:38', '2020-08-31 15:19:38'),
(1020901, 'CORONGO', 10209, 102, 1, '2020-08-31 15:19:38', '2020-08-31 15:19:38'),
(1020902, 'ACO', 10209, 102, 1, '2020-08-31 15:19:38', '2020-08-31 15:19:38'),
(1020903, 'BAMBAS', 10209, 102, 1, '2020-08-31 15:19:38', '2020-08-31 15:19:38'),
(1020904, 'CUSCA', 10209, 102, 1, '2020-08-31 15:19:38', '2020-08-31 15:19:38'),
(1020905, 'LA PAMPA', 10209, 102, 1, '2020-08-31 15:19:38', '2020-08-31 15:19:38'),
(1020906, 'YÁNAC', 10209, 102, 1, '2020-08-31 15:19:38', '2020-08-31 15:19:38'),
(1020907, 'YUPÁN', 10209, 102, 1, '2020-08-31 15:19:38', '2020-08-31 15:19:38'),
(1021001, 'HUARI', 10210, 102, 1, '2020-08-31 15:19:38', '2020-08-31 15:19:38'),
(1021002, 'ANRA', 10210, 102, 1, '2020-08-31 15:19:38', '2020-08-31 15:19:38'),
(1021003, 'CAJAY', 10210, 102, 1, '2020-08-31 15:19:38', '2020-08-31 15:19:38'),
(1021004, 'CHAVÍN DE HUÁNTAR', 10210, 102, 1, '2020-08-31 15:19:38', '2020-08-31 15:19:38'),
(1021005, 'HUACACHI', 10210, 102, 1, '2020-08-31 15:19:38', '2020-08-31 15:19:38'),
(1021006, 'HUACCHIS', 10210, 102, 1, '2020-08-31 15:19:38', '2020-08-31 15:19:38'),
(1021007, 'HUACHIS', 10210, 102, 1, '2020-08-31 15:19:38', '2020-08-31 15:19:38'),
(1021008, 'HUÁNTAR', 10210, 102, 1, '2020-08-31 15:19:38', '2020-08-31 15:19:38'),
(1021009, 'MASIN', 10210, 102, 1, '2020-08-31 15:19:38', '2020-08-31 15:19:38'),
(1021010, 'PAUCAS', 10210, 102, 1, '2020-08-31 15:19:38', '2020-08-31 15:19:38'),
(1021011, 'PONTÓ', 10210, 102, 1, '2020-08-31 15:19:38', '2020-08-31 15:19:38'),
(1021012, 'RAHUAPAMPA', 10210, 102, 1, '2020-08-31 15:19:38', '2020-08-31 15:19:38'),
(1021013, 'RAPAYÁN', 10210, 102, 1, '2020-08-31 15:19:38', '2020-08-31 15:19:38'),
(1021014, 'SAN MARCOS', 10210, 102, 1, '2020-08-31 15:19:38', '2020-08-31 15:19:38'),
(1021015, 'SAN PEDRO DE CHANÁ', 10210, 102, 1, '2020-08-31 15:19:38', '2020-08-31 15:19:38'),
(1021016, 'UCO', 10210, 102, 1, '2020-08-31 15:19:38', '2020-08-31 15:19:38'),
(1021101, 'HUARMEY', 10211, 102, 1, '2020-08-31 15:19:38', '2020-08-31 15:19:38'),
(1021102, 'COCHAPETI', 10211, 102, 1, '2020-08-31 15:19:38', '2020-08-31 15:19:38'),
(1021103, 'CULEBRAS', 10211, 102, 1, '2020-08-31 15:19:38', '2020-08-31 15:19:38'),
(1021104, 'HUAYAN', 10211, 102, 1, '2020-08-31 15:19:38', '2020-08-31 15:19:38'),
(1021105, 'MALVAS', 10211, 102, 1, '2020-08-31 15:19:38', '2020-08-31 15:19:38'),
(1021201, 'CARAZ', 10212, 102, 1, '2020-08-31 15:19:38', '2020-08-31 15:19:38'),
(1021202, 'HUALLANCA', 10212, 102, 1, '2020-08-31 15:19:38', '2020-08-31 15:19:38'),
(1021203, 'HUATA', 10212, 102, 1, '2020-08-31 15:19:38', '2020-08-31 15:19:38'),
(1021204, 'HUAYLAS', 10212, 102, 1, '2020-08-31 15:19:38', '2020-08-31 15:19:38'),
(1021205, 'MATO', 10212, 102, 1, '2020-08-31 15:19:38', '2020-08-31 15:19:38'),
(1021206, 'PAMPAROMÁS', 10212, 102, 1, '2020-08-31 15:19:38', '2020-08-31 15:19:38'),
(1021207, 'PUEBLO LIBRE', 10212, 102, 1, '2020-08-31 15:19:38', '2020-08-31 15:19:38'),
(1021208, 'SANTA CRUZ', 10212, 102, 1, '2020-08-31 15:19:38', '2020-08-31 15:19:38'),
(1021209, 'SANTO TORIBIO', 10212, 102, 1, '2020-08-31 15:19:38', '2020-08-31 15:19:38'),
(1021210, 'YURACMARCA', 10212, 102, 1, '2020-08-31 15:19:38', '2020-08-31 15:19:38'),
(1021301, 'PISCOBAMBA', 10213, 102, 1, '2020-08-31 15:19:38', '2020-08-31 15:19:38'),
(1021302, 'CASCA', 10213, 102, 1, '2020-08-31 15:19:38', '2020-08-31 15:19:38'),
(1021303, 'ELEAZAR GUZMÁN BARRÓN', 10213, 102, 1, '2020-08-31 15:19:38', '2020-08-31 15:19:38'),
(1021304, 'FIDEL OIIVAS ESCUDERO', 10213, 102, 1, '2020-08-31 15:19:38', '2020-08-31 15:19:38'),
(1021305, 'LLAMA', 10213, 102, 1, '2020-08-31 15:19:38', '2020-08-31 15:19:38'),
(1021306, 'LLUMPA', 10213, 102, 1, '2020-08-31 15:19:38', '2020-08-31 15:19:38'),
(1021307, 'LUCMA', 10213, 102, 1, '2020-08-31 15:19:38', '2020-08-31 15:19:38'),
(1021308, 'MUSGA', 10213, 102, 1, '2020-08-31 15:19:38', '2020-08-31 15:19:38'),
(1021401, 'OCROS', 10214, 102, 1, '2020-08-31 15:19:38', '2020-08-31 15:19:38'),
(1021402, 'ACAS', 10214, 102, 1, '2020-08-31 15:19:38', '2020-08-31 15:19:38'),
(1021403, 'CAJAMARQUILLA', 10214, 102, 1, '2020-08-31 15:19:38', '2020-08-31 15:19:38'),
(1021404, 'CARHUAPAMPA', 10214, 102, 1, '2020-08-31 15:19:38', '2020-08-31 15:19:38'),
(1021405, 'COCHAS', 10214, 102, 1, '2020-08-31 15:19:38', '2020-08-31 15:19:38'),
(1021406, 'CONGAS', 10214, 102, 1, '2020-08-31 15:19:38', '2020-08-31 15:19:38'),
(1021407, 'LLIPA', 10214, 102, 1, '2020-08-31 15:19:38', '2020-08-31 15:19:38'),
(1021408, 'SAN CRISTÓBAL DE RAJÁN', 10214, 102, 1, '2020-08-31 15:19:38', '2020-08-31 15:19:38'),
(1021409, 'SAN PEDRO', 10214, 102, 1, '2020-08-31 15:19:38', '2020-08-31 15:19:38'),
(1021410, 'SANTIAGO DE CHILCAS', 10214, 102, 1, '2020-08-31 15:19:38', '2020-08-31 15:19:38'),
(1021501, 'CABANA', 10215, 102, 1, '2020-08-31 15:19:38', '2020-08-31 15:19:38'),
(1021502, 'BOLOGNESI', 10215, 102, 1, '2020-08-31 15:19:38', '2020-08-31 15:19:38'),
(1021503, 'CONCHUCOS', 10215, 102, 1, '2020-08-31 15:19:38', '2020-08-31 15:19:38'),
(1021504, 'HUACASCHUQUE', 10215, 102, 1, '2020-08-31 15:19:38', '2020-08-31 15:19:38'),
(1021505, 'HUANDOVAL', 10215, 102, 1, '2020-08-31 15:19:38', '2020-08-31 15:19:38'),
(1021506, 'LACABAMBA', 10215, 102, 1, '2020-08-31 15:19:38', '2020-08-31 15:19:38'),
(1021507, 'LLAPO', 10215, 102, 1, '2020-08-31 15:19:38', '2020-08-31 15:19:38'),
(1021508, 'PALLASCA', 10215, 102, 1, '2020-08-31 15:19:38', '2020-08-31 15:19:38'),
(1021509, 'PAMPAS', 10215, 102, 1, '2020-08-31 15:19:38', '2020-08-31 15:19:38'),
(1021510, 'SANTA ROSA', 10215, 102, 1, '2020-08-31 15:19:38', '2020-08-31 15:19:38'),
(1021511, 'TAUCA', 10215, 102, 1, '2020-08-31 15:19:38', '2020-08-31 15:19:38'),
(1021601, 'POMABAMBA', 10216, 102, 1, '2020-08-31 15:19:38', '2020-08-31 15:19:38'),
(1021602, 'HUAYLLÁN', 10216, 102, 1, '2020-08-31 15:19:38', '2020-08-31 15:19:38'),
(1021603, 'PAROBAMBA', 10216, 102, 1, '2020-08-31 15:19:38', '2020-08-31 15:19:38'),
(1021604, 'QUINUABAMBA', 10216, 102, 1, '2020-08-31 15:19:38', '2020-08-31 15:19:38'),
(1021701, 'RECUAY', 10217, 102, 1, '2020-08-31 15:19:38', '2020-08-31 15:19:38'),
(1021702, 'CÁTAC', 10217, 102, 1, '2020-08-31 15:19:38', '2020-08-31 15:19:38'),
(1021703, 'COTAPARACO', 10217, 102, 1, '2020-08-31 15:19:38', '2020-08-31 15:19:38'),
(1021704, 'HUAYLLAPAMPA', 10217, 102, 1, '2020-08-31 15:19:38', '2020-08-31 15:19:38'),
(1021705, 'LLACLLÍN', 10217, 102, 1, '2020-08-31 15:19:38', '2020-08-31 15:19:38'),
(1021706, 'MARCA', 10217, 102, 1, '2020-08-31 15:19:38', '2020-08-31 15:19:38'),
(1021707, 'PAMPAS CHICO', 10217, 102, 1, '2020-08-31 15:19:38', '2020-08-31 15:19:38'),
(1021708, 'PARARÍN', 10217, 102, 1, '2020-08-31 15:19:38', '2020-08-31 15:19:38'),
(1021709, 'TAPACOCHA', 10217, 102, 1, '2020-08-31 15:19:38', '2020-08-31 15:19:38'),
(1021710, 'TICAPAMPA', 10217, 102, 1, '2020-08-31 15:19:38', '2020-08-31 15:19:38'),
(1021801, 'CHIMBOTE', 10218, 102, 1, '2020-08-31 15:19:38', '2020-08-31 15:19:38'),
(1021802, 'CÁCERES DEL PERÚ', 10218, 102, 1, '2020-08-31 15:19:38', '2020-08-31 15:19:38'),
(1021803, 'COISHCO', 10218, 102, 1, '2020-08-31 15:19:38', '2020-08-31 15:19:38'),
(1021804, 'MACATE', 10218, 102, 1, '2020-08-31 15:19:38', '2020-08-31 15:19:38'),
(1021805, 'MORO', 10218, 102, 1, '2020-08-31 15:19:38', '2020-08-31 15:19:38'),
(1021806, 'NEPEÑA', 10218, 102, 1, '2020-08-31 15:19:38', '2020-08-31 15:19:38'),
(1021807, 'SAMANCO', 10218, 102, 1, '2020-08-31 15:19:38', '2020-08-31 15:19:38'),
(1021808, 'SANTA', 10218, 102, 1, '2020-08-31 15:19:38', '2020-08-31 15:19:38'),
(1021809, 'NUEVO CHIMBOTE', 10218, 102, 1, '2020-08-31 15:19:38', '2020-08-31 15:19:38'),
(1021901, 'SIHUAS', 10219, 102, 1, '2020-08-31 15:19:38', '2020-08-31 15:19:38'),
(1021902, 'ACOBAMBA', 10219, 102, 1, '2020-08-31 15:19:38', '2020-08-31 15:19:38'),
(1021903, 'ALFONSO UGARTE', 10219, 102, 1, '2020-08-31 15:19:38', '2020-08-31 15:19:38'),
(1021904, 'CASHAPAMPA', 10219, 102, 1, '2020-08-31 15:19:38', '2020-08-31 15:19:38'),
(1021905, 'CHINGALPO', 10219, 102, 1, '2020-08-31 15:19:38', '2020-08-31 15:19:38'),
(1021906, 'HUAYLLABAMBA', 10219, 102, 1, '2020-08-31 15:19:38', '2020-08-31 15:19:38'),
(1021907, 'QUICHES', 10219, 102, 1, '2020-08-31 15:19:38', '2020-08-31 15:19:38'),
(1021908, 'RAGASH', 10219, 102, 1, '2020-08-31 15:19:38', '2020-08-31 15:19:38'),
(1021909, 'SAN JUAN', 10219, 102, 1, '2020-08-31 15:19:38', '2020-08-31 15:19:38'),
(1021910, 'SICSIBAMBA', 10219, 102, 1, '2020-08-31 15:19:38', '2020-08-31 15:19:38'),
(1022001, 'YUNGAY', 10220, 102, 1, '2020-08-31 15:19:38', '2020-08-31 15:19:38'),
(1022002, 'CASCAPARA', 10220, 102, 1, '2020-08-31 15:19:38', '2020-08-31 15:19:38'),
(1022003, 'MANCOS', 10220, 102, 1, '2020-08-31 15:19:38', '2020-08-31 15:19:38'),
(1022004, 'MATACOTO', 10220, 102, 1, '2020-08-31 15:19:38', '2020-08-31 15:19:38'),
(1022005, 'QUILLO', 10220, 102, 1, '2020-08-31 15:19:38', '2020-08-31 15:19:38'),
(1022006, 'RANRAHIRCA', 10220, 102, 1, '2020-08-31 15:19:38', '2020-08-31 15:19:38'),
(1022007, 'SHUPLUY', 10220, 102, 1, '2020-08-31 15:19:38', '2020-08-31 15:19:38'),
(1022008, 'YANAMA', 10220, 102, 1, '2020-08-31 15:19:38', '2020-08-31 15:19:38'),
(1030101, 'ABANCAY', 10301, 103, 1, '2020-08-31 15:19:38', '2020-08-31 15:19:38'),
(1030102, 'CHACOCHE', 10301, 103, 1, '2020-08-31 15:19:38', '2020-08-31 15:19:38'),
(1030103, 'CIRCA', 10301, 103, 1, '2020-08-31 15:19:38', '2020-08-31 15:19:38'),
(1030104, 'CURAHUASI', 10301, 103, 1, '2020-08-31 15:19:38', '2020-08-31 15:19:38'),
(1030105, 'HUANIPACA', 10301, 103, 1, '2020-08-31 15:19:38', '2020-08-31 15:19:38'),
(1030106, 'LAMBRAMA', 10301, 103, 1, '2020-08-31 15:19:38', '2020-08-31 15:19:38'),
(1030107, 'PICHIRHUA', 10301, 103, 1, '2020-08-31 15:19:38', '2020-08-31 15:19:38'),
(1030108, 'SAN PEDRO DE CACHORA', 10301, 103, 1, '2020-08-31 15:19:38', '2020-08-31 15:19:38'),
(1030109, 'TAMBURCO', 10301, 103, 1, '2020-08-31 15:19:38', '2020-08-31 15:19:38'),
(1030201, 'ANDAHUAYLAS', 10302, 103, 1, '2020-08-31 15:19:38', '2020-08-31 15:19:38'),
(1030202, 'ANDARAPA', 10302, 103, 1, '2020-08-31 15:19:38', '2020-08-31 15:19:38'),
(1030203, 'CHIARA', 10302, 103, 1, '2020-08-31 15:19:38', '2020-08-31 15:19:38'),
(1030204, 'HUANCARAMA', 10302, 103, 1, '2020-08-31 15:19:38', '2020-08-31 15:19:38'),
(1030205, 'HUANCARAY', 10302, 103, 1, '2020-08-31 15:19:38', '2020-08-31 15:19:38'),
(1030206, 'HUAYANA', 10302, 103, 1, '2020-08-31 15:19:38', '2020-08-31 15:19:38'),
(1030207, 'KISHUARA', 10302, 103, 1, '2020-08-31 15:19:38', '2020-08-31 15:19:38'),
(1030208, 'PACOBAMBA', 10302, 103, 1, '2020-08-31 15:19:38', '2020-08-31 15:19:38'),
(1030209, 'PACUCHA', 10302, 103, 1, '2020-08-31 15:19:38', '2020-08-31 15:19:38'),
(1030210, 'PAMPACHIRI', 10302, 103, 1, '2020-08-31 15:19:38', '2020-08-31 15:19:38'),
(1030211, 'POMACOCHA', 10302, 103, 1, '2020-08-31 15:19:38', '2020-08-31 15:19:38'),
(1030212, 'SAN ANTONIO DE CACHI', 10302, 103, 1, '2020-08-31 15:19:38', '2020-08-31 15:19:38'),
(1030213, 'SAN JERÓNIMO', 10302, 103, 1, '2020-08-31 15:19:38', '2020-08-31 15:19:38'),
(1030214, 'SAN MIGUEL DE CHACCRAPAMPA', 10302, 103, 1, '2020-08-31 15:19:38', '2020-08-31 15:19:38'),
(1030215, 'SANTA MARÍA DE CHICMO', 10302, 103, 1, '2020-08-31 15:19:38', '2020-08-31 15:19:38'),
(1030216, 'TALAVERA DE LA REYNA', 10302, 103, 1, '2020-08-31 15:19:38', '2020-08-31 15:19:38'),
(1030217, 'TUMAY HUARACA', 10302, 103, 1, '2020-08-31 15:19:38', '2020-08-31 15:19:38'),
(1030218, 'TURPO', 10302, 103, 1, '2020-08-31 15:19:38', '2020-08-31 15:19:38'),
(1030219, 'KAQUIABAMBA', 10302, 103, 1, '2020-08-31 15:19:38', '2020-08-31 15:19:38'),
(1030220, 'JOSÉ MARÍA ARGUEDAS', 10302, 103, 1, '2020-08-31 15:19:38', '2020-08-31 15:19:38'),
(1030301, 'ANTABAMBA', 10303, 103, 1, '2020-08-31 15:19:38', '2020-08-31 15:19:38'),
(1030302, 'EL ORO', 10303, 103, 1, '2020-08-31 15:19:38', '2020-08-31 15:19:38'),
(1030303, 'HUAQUIRCA', 10303, 103, 1, '2020-08-31 15:19:38', '2020-08-31 15:19:38'),
(1030304, 'JUAN ESPINOZA MEDRANO', 10303, 103, 1, '2020-08-31 15:19:38', '2020-08-31 15:19:38'),
(1030305, 'OROPESA', 10303, 103, 1, '2020-08-31 15:19:38', '2020-08-31 15:19:38'),
(1030306, 'PACHACONAS', 10303, 103, 1, '2020-08-31 15:19:38', '2020-08-31 15:19:38'),
(1030307, 'SABAINO', 10303, 103, 1, '2020-08-31 15:19:38', '2020-08-31 15:19:38'),
(1030401, 'CHALHUANCA', 10304, 103, 1, '2020-08-31 15:19:38', '2020-08-31 15:19:38'),
(1030402, 'CAPAYA', 10304, 103, 1, '2020-08-31 15:19:38', '2020-08-31 15:19:38'),
(1030403, 'CARAYBAMBA', 10304, 103, 1, '2020-08-31 15:19:38', '2020-08-31 15:19:38'),
(1030404, 'CHAPIMARCA', 10304, 103, 1, '2020-08-31 15:19:38', '2020-08-31 15:19:38'),
(1030405, 'COLCABAMBA', 10304, 103, 1, '2020-08-31 15:19:38', '2020-08-31 15:19:38'),
(1030406, 'COTARUSE', 10304, 103, 1, '2020-08-31 15:19:38', '2020-08-31 15:19:38'),
(1030407, 'IHUAYLLO', 10304, 103, 1, '2020-08-31 15:19:38', '2020-08-31 15:19:38'),
(1030408, 'JUSTO APU SAHUARAURA', 10304, 103, 1, '2020-08-31 15:19:38', '2020-08-31 15:19:38'),
(1030409, 'LUCRE', 10304, 103, 1, '2020-08-31 15:19:38', '2020-08-31 15:19:38'),
(1030410, 'POCOHUANCA', 10304, 103, 1, '2020-08-31 15:19:38', '2020-08-31 15:19:38'),
(1030411, 'SAN JUAN DE CHACÑA', 10304, 103, 1, '2020-08-31 15:19:38', '2020-08-31 15:19:38'),
(1030412, 'SAÑAYCA', 10304, 103, 1, '2020-08-31 15:19:38', '2020-08-31 15:19:38'),
(1030413, 'SORAYA', 10304, 103, 1, '2020-08-31 15:19:38', '2020-08-31 15:19:38'),
(1030414, 'TAPAIRIHUA', 10304, 103, 1, '2020-08-31 15:19:38', '2020-08-31 15:19:38'),
(1030415, 'TINTAY', 10304, 103, 1, '2020-08-31 15:19:38', '2020-08-31 15:19:38'),
(1030416, 'TORAYA', 10304, 103, 1, '2020-08-31 15:19:38', '2020-08-31 15:19:38'),
(1030417, 'YANACA', 10304, 103, 1, '2020-08-31 15:19:38', '2020-08-31 15:19:38'),
(1030501, 'TAMBOBAMBA', 10305, 103, 1, '2020-08-31 15:19:38', '2020-08-31 15:19:38'),
(1030502, 'COTABAMBAS', 10305, 103, 1, '2020-08-31 15:19:38', '2020-08-31 15:19:38'),
(1030503, 'COYLLURQUI', 10305, 103, 1, '2020-08-31 15:19:38', '2020-08-31 15:19:38'),
(1030504, 'HAQUIRA', 10305, 103, 1, '2020-08-31 15:19:38', '2020-08-31 15:19:38'),
(1030505, 'MARA', 10305, 103, 1, '2020-08-31 15:19:38', '2020-08-31 15:19:38'),
(1030506, 'CHALLHUAHUACHO', 10305, 103, 1, '2020-08-31 15:19:38', '2020-08-31 15:19:38'),
(1030601, 'CHINCHEROS', 10306, 103, 1, '2020-08-31 15:19:38', '2020-08-31 15:19:38'),
(1030602, 'ANCO_HUALLO', 10306, 103, 1, '2020-08-31 15:19:38', '2020-08-31 15:19:38'),
(1030603, 'COCHARCAS', 10306, 103, 1, '2020-08-31 15:19:38', '2020-08-31 15:19:38'),
(1030604, 'HUACCANA', 10306, 103, 1, '2020-08-31 15:19:38', '2020-08-31 15:19:38'),
(1030605, 'OCOBAMBA', 10306, 103, 1, '2020-08-31 15:19:38', '2020-08-31 15:19:38'),
(1030606, 'ONGOY', 10306, 103, 1, '2020-08-31 15:19:38', '2020-08-31 15:19:38'),
(1030607, 'URANMARCA', 10306, 103, 1, '2020-08-31 15:19:38', '2020-08-31 15:19:38'),
(1030608, 'RANRACANCHA', 10306, 103, 1, '2020-08-31 15:19:38', '2020-08-31 15:19:38'),
(1030609, 'ROCCHACC', 10306, 103, 1, '2020-08-31 15:19:38', '2020-08-31 15:19:38'),
(1030610, 'EL PORVENIR', 10306, 103, 1, '2020-08-31 15:19:38', '2020-08-31 15:19:38'),
(1030611, 'LOS CHANKAS', 10306, 103, 1, '2020-08-31 15:19:38', '2020-08-31 15:19:38'),
(1030701, 'CHUQUIBAMBILLA', 10307, 103, 1, '2020-08-31 15:19:38', '2020-08-31 15:19:38'),
(1030702, 'CURPAHUASI', 10307, 103, 1, '2020-08-31 15:19:38', '2020-08-31 15:19:38'),
(1030703, 'GAMARRA', 10307, 103, 1, '2020-08-31 15:19:38', '2020-08-31 15:19:38'),
(1030704, 'HUAYLLATI', 10307, 103, 1, '2020-08-31 15:19:38', '2020-08-31 15:19:38'),
(1030705, 'MAMARA', 10307, 103, 1, '2020-08-31 15:19:38', '2020-08-31 15:19:38'),
(1030706, 'MICAELA BASTIDAS', 10307, 103, 1, '2020-08-31 15:19:38', '2020-08-31 15:19:38'),
(1030707, 'PATAYPAMPA', 10307, 103, 1, '2020-08-31 15:19:38', '2020-08-31 15:19:38'),
(1030708, 'PROGRESO', 10307, 103, 1, '2020-08-31 15:19:38', '2020-08-31 15:19:38'),
(1030709, 'SAN ANTONIO', 10307, 103, 1, '2020-08-31 15:19:38', '2020-08-31 15:19:38'),
(1030710, 'SANTA ROSA', 10307, 103, 1, '2020-08-31 15:19:38', '2020-08-31 15:19:38'),
(1030711, 'TURPAY', 10307, 103, 1, '2020-08-31 15:19:38', '2020-08-31 15:19:38'),
(1030712, 'VILCABAMBA', 10307, 103, 1, '2020-08-31 15:19:38', '2020-08-31 15:19:38'),
(1030713, 'VIRUNDO', 10307, 103, 1, '2020-08-31 15:19:38', '2020-08-31 15:19:38'),
(1030714, 'CURASCO', 10307, 103, 1, '2020-08-31 15:19:38', '2020-08-31 15:19:38'),
(1040101, 'AREQUIPA', 10401, 104, 1, '2020-08-31 15:19:38', '2020-08-31 15:19:38'),
(1040102, 'ALTO SELVA ALEGRE', 10401, 104, 1, '2020-08-31 15:19:38', '2020-08-31 15:19:38'),
(1040103, 'CAYMA', 10401, 104, 1, '2020-08-31 15:19:38', '2020-08-31 15:19:38'),
(1040104, 'CERRO COLORADO', 10401, 104, 1, '2020-08-31 15:19:38', '2020-08-31 15:19:38'),
(1040105, 'CHARACATO', 10401, 104, 1, '2020-08-31 15:19:38', '2020-08-31 15:19:38'),
(1040106, 'CHIGUATA', 10401, 104, 1, '2020-08-31 15:19:38', '2020-08-31 15:19:38'),
(1040107, 'JACOBO HUNTER', 10401, 104, 1, '2020-08-31 15:19:38', '2020-08-31 15:19:38'),
(1040108, 'LA JOYA', 10401, 104, 1, '2020-08-31 15:19:38', '2020-08-31 15:19:38'),
(1040109, 'MARIANO MELGAR', 10401, 104, 1, '2020-08-31 15:19:38', '2020-08-31 15:19:38'),
(1040110, 'MIRAFLORES', 10401, 104, 1, '2020-08-31 15:19:38', '2020-08-31 15:19:38'),
(1040111, 'MOLLEBAYA', 10401, 104, 1, '2020-08-31 15:19:38', '2020-08-31 15:19:38'),
(1040112, 'PAUCARPATA', 10401, 104, 1, '2020-08-31 15:19:38', '2020-08-31 15:19:38'),
(1040113, 'POCSI', 10401, 104, 1, '2020-08-31 15:19:38', '2020-08-31 15:19:38'),
(1040114, 'POLOBAYA', 10401, 104, 1, '2020-08-31 15:19:38', '2020-08-31 15:19:38'),
(1040115, 'QUEQUEÑA', 10401, 104, 1, '2020-08-31 15:19:38', '2020-08-31 15:19:38'),
(1040116, 'SABANDIA', 10401, 104, 1, '2020-08-31 15:19:38', '2020-08-31 15:19:38'),
(1040117, 'SACHACA', 10401, 104, 1, '2020-08-31 15:19:38', '2020-08-31 15:19:38'),
(1040118, 'SAN JUAN DE SIGUAS', 10401, 104, 1, '2020-08-31 15:19:38', '2020-08-31 15:19:38'),
(1040119, 'SAN JUAN DE TARUCANI', 10401, 104, 1, '2020-08-31 15:19:38', '2020-08-31 15:19:38'),
(1040120, 'SANTA ISABEL DE SIGUAS', 10401, 104, 1, '2020-08-31 15:19:38', '2020-08-31 15:19:38'),
(1040121, 'SANTA RITA DE SIGUAS', 10401, 104, 1, '2020-08-31 15:19:38', '2020-08-31 15:19:38'),
(1040122, 'SOCABAYA', 10401, 104, 1, '2020-08-31 15:19:38', '2020-08-31 15:19:38'),
(1040123, 'TIABAYA', 10401, 104, 1, '2020-08-31 15:19:38', '2020-08-31 15:19:38'),
(1040124, 'UCHUMAYO', 10401, 104, 1, '2020-08-31 15:19:38', '2020-08-31 15:19:38'),
(1040125, 'VITOR', 10401, 104, 1, '2020-08-31 15:19:38', '2020-08-31 15:19:38'),
(1040126, 'YANAHUARA', 10401, 104, 1, '2020-08-31 15:19:38', '2020-08-31 15:19:38'),
(1040127, 'YARABAMBA', 10401, 104, 1, '2020-08-31 15:19:38', '2020-08-31 15:19:38'),
(1040128, 'YURA', 10401, 104, 1, '2020-08-31 15:19:38', '2020-08-31 15:19:38'),
(1040129, 'JOSE LUIS BUSTAMANTE Y RIVERO', 10401, 104, 1, '2020-08-31 15:19:38', '2020-08-31 15:19:38'),
(1040201, 'CAMANÁ', 10402, 104, 1, '2020-08-31 15:19:38', '2020-08-31 15:19:38'),
(1040202, 'JOSE MARIA QUIMPER', 10402, 104, 1, '2020-08-31 15:19:38', '2020-08-31 15:19:38'),
(1040203, 'MARIANO NICOLAS VALCARCEL', 10402, 104, 1, '2020-08-31 15:19:38', '2020-08-31 15:19:38'),
(1040204, 'MARISCAL CÁCERES', 10402, 104, 1, '2020-08-31 15:19:38', '2020-08-31 15:19:38'),
(1040205, 'NICOLAS DE PIEROLA', 10402, 104, 1, '2020-08-31 15:19:38', '2020-08-31 15:19:38'),
(1040206, 'OCOÑA', 10402, 104, 1, '2020-08-31 15:19:38', '2020-08-31 15:19:38'),
(1040207, 'QUILCA', 10402, 104, 1, '2020-08-31 15:19:38', '2020-08-31 15:19:38'),
(1040208, 'SAMUEL PASTOR', 10402, 104, 1, '2020-08-31 15:19:38', '2020-08-31 15:19:38'),
(1040301, 'CARAVELÍ', 10403, 104, 1, '2020-08-31 15:19:38', '2020-08-31 15:19:38'),
(1040302, 'ACARI', 10403, 104, 1, '2020-08-31 15:19:38', '2020-08-31 15:19:38'),
(1040303, 'ATICO', 10403, 104, 1, '2020-08-31 15:19:38', '2020-08-31 15:19:38'),
(1040304, 'ATIQUIPA', 10403, 104, 1, '2020-08-31 15:19:38', '2020-08-31 15:19:38'),
(1040305, 'BELLA UNION', 10403, 104, 1, '2020-08-31 15:19:38', '2020-08-31 15:19:38'),
(1040306, 'CAHUACHO', 10403, 104, 1, '2020-08-31 15:19:38', '2020-08-31 15:19:38'),
(1040307, 'CHALA', 10403, 104, 1, '2020-08-31 15:19:38', '2020-08-31 15:19:38'),
(1040308, 'CHAPARRA', 10403, 104, 1, '2020-08-31 15:19:38', '2020-08-31 15:19:38'),
(1040309, 'HUANUHUANU', 10403, 104, 1, '2020-08-31 15:19:38', '2020-08-31 15:19:38'),
(1040310, 'JAQUI', 10403, 104, 1, '2020-08-31 15:19:38', '2020-08-31 15:19:38'),
(1040311, 'LOMAS', 10403, 104, 1, '2020-08-31 15:19:38', '2020-08-31 15:19:38'),
(1040312, 'QUICACHA', 10403, 104, 1, '2020-08-31 15:19:38', '2020-08-31 15:19:38'),
(1040313, 'YAUCA', 10403, 104, 1, '2020-08-31 15:19:38', '2020-08-31 15:19:38'),
(1040401, 'APLAO', 10404, 104, 1, '2020-08-31 15:19:38', '2020-08-31 15:19:38'),
(1040402, 'ANDAGUA', 10404, 104, 1, '2020-08-31 15:19:38', '2020-08-31 15:19:38'),
(1040403, 'AYO', 10404, 104, 1, '2020-08-31 15:19:38', '2020-08-31 15:19:38'),
(1040404, 'CHACHAS', 10404, 104, 1, '2020-08-31 15:19:38', '2020-08-31 15:19:38'),
(1040405, 'CHILCAYMARCA', 10404, 104, 1, '2020-08-31 15:19:38', '2020-08-31 15:19:38'),
(1040406, 'CHOCO', 10404, 104, 1, '2020-08-31 15:19:38', '2020-08-31 15:19:38'),
(1040407, 'HUANCARQUI', 10404, 104, 1, '2020-08-31 15:19:38', '2020-08-31 15:19:38'),
(1040408, 'MACHAGUAY', 10404, 104, 1, '2020-08-31 15:19:38', '2020-08-31 15:19:38'),
(1040409, 'ORCOPAMPA', 10404, 104, 1, '2020-08-31 15:19:38', '2020-08-31 15:19:38'),
(1040410, 'PAMPACOLCA', 10404, 104, 1, '2020-08-31 15:19:38', '2020-08-31 15:19:38'),
(1040411, 'TIPAN', 10404, 104, 1, '2020-08-31 15:19:38', '2020-08-31 15:19:38'),
(1040412, 'UÑON', 10404, 104, 1, '2020-08-31 15:19:38', '2020-08-31 15:19:38'),
(1040413, 'URACA', 10404, 104, 1, '2020-08-31 15:19:38', '2020-08-31 15:19:38'),
(1040414, 'VIRACO', 10404, 104, 1, '2020-08-31 15:19:38', '2020-08-31 15:19:38'),
(1040501, 'CHIVAY', 10405, 104, 1, '2020-08-31 15:19:38', '2020-08-31 15:19:38'),
(1040502, 'ACHOMA', 10405, 104, 1, '2020-08-31 15:19:38', '2020-08-31 15:19:38'),
(1040503, 'CABANACONDE', 10405, 104, 1, '2020-08-31 15:19:38', '2020-08-31 15:19:38'),
(1040504, 'CALLALLI', 10405, 104, 1, '2020-08-31 15:19:38', '2020-08-31 15:19:38'),
(1040505, 'CAYLLOMA', 10405, 104, 1, '2020-08-31 15:19:38', '2020-08-31 15:19:38'),
(1040506, 'COPORAQUE', 10405, 104, 1, '2020-08-31 15:19:38', '2020-08-31 15:19:38'),
(1040507, 'HUAMBO', 10405, 104, 1, '2020-08-31 15:19:38', '2020-08-31 15:19:38'),
(1040508, 'HUANCA', 10405, 104, 1, '2020-08-31 15:19:38', '2020-08-31 15:19:38'),
(1040509, 'ICHUPAMPA', 10405, 104, 1, '2020-08-31 15:19:38', '2020-08-31 15:19:38'),
(1040510, 'LARI', 10405, 104, 1, '2020-08-31 15:19:38', '2020-08-31 15:19:38'),
(1040511, 'LLUTA', 10405, 104, 1, '2020-08-31 15:19:38', '2020-08-31 15:19:38'),
(1040512, 'MACA', 10405, 104, 1, '2020-08-31 15:19:38', '2020-08-31 15:19:38'),
(1040513, 'MADRIGAL', 10405, 104, 1, '2020-08-31 15:19:38', '2020-08-31 15:19:38'),
(1040514, 'SAN ANTONIO DE CHUCA', 10405, 104, 1, '2020-08-31 15:19:38', '2020-08-31 15:19:38'),
(1040515, 'SIBAYO', 10405, 104, 1, '2020-08-31 15:19:38', '2020-08-31 15:19:38'),
(1040516, 'TAPAY', 10405, 104, 1, '2020-08-31 15:19:38', '2020-08-31 15:19:38'),
(1040517, 'TISCO', 10405, 104, 1, '2020-08-31 15:19:38', '2020-08-31 15:19:38'),
(1040518, 'TUTI', 10405, 104, 1, '2020-08-31 15:19:38', '2020-08-31 15:19:38'),
(1040519, 'YANQUE', 10405, 104, 1, '2020-08-31 15:19:38', '2020-08-31 15:19:38'),
(1040520, 'MAJES', 10405, 104, 1, '2020-08-31 15:19:38', '2020-08-31 15:19:38'),
(1040601, 'CHUQUIBAMBA', 10406, 104, 1, '2020-08-31 15:19:38', '2020-08-31 15:19:38'),
(1040602, 'ANDARAY', 10406, 104, 1, '2020-08-31 15:19:38', '2020-08-31 15:19:38'),
(1040603, 'CAYARANI', 10406, 104, 1, '2020-08-31 15:19:38', '2020-08-31 15:19:38'),
(1040604, 'CHICHAS', 10406, 104, 1, '2020-08-31 15:19:38', '2020-08-31 15:19:38'),
(1040605, 'IRAY', 10406, 104, 1, '2020-08-31 15:19:38', '2020-08-31 15:19:38'),
(1040606, 'RIO GRANDE', 10406, 104, 1, '2020-08-31 15:19:38', '2020-08-31 15:19:38'),
(1040607, 'SALAMANCA', 10406, 104, 1, '2020-08-31 15:19:38', '2020-08-31 15:19:38'),
(1040608, 'YANAQUIHUA', 10406, 104, 1, '2020-08-31 15:19:38', '2020-08-31 15:19:38'),
(1040701, 'MOLLENDO', 10407, 104, 1, '2020-08-31 15:19:38', '2020-08-31 15:19:38'),
(1040702, 'COCACHACRA', 10407, 104, 1, '2020-08-31 15:19:38', '2020-08-31 15:19:38'),
(1040703, 'DEAN VALDIVIA', 10407, 104, 1, '2020-08-31 15:19:38', '2020-08-31 15:19:38'),
(1040704, 'ISLAY', 10407, 104, 1, '2020-08-31 15:19:38', '2020-08-31 15:19:38'),
(1040705, 'MEJIA', 10407, 104, 1, '2020-08-31 15:19:38', '2020-08-31 15:19:38'),
(1040706, 'PUNTA DE BOMBÓN', 10407, 104, 1, '2020-08-31 15:19:38', '2020-08-31 15:19:38'),
(1040801, 'COTAHUASI', 10408, 104, 1, '2020-08-31 15:19:38', '2020-08-31 15:19:38'),
(1040802, 'ALCA', 10408, 104, 1, '2020-08-31 15:19:38', '2020-08-31 15:19:38'),
(1040803, 'CHARCANA', 10408, 104, 1, '2020-08-31 15:19:38', '2020-08-31 15:19:38'),
(1040804, 'HUAYNACOTAS', 10408, 104, 1, '2020-08-31 15:19:38', '2020-08-31 15:19:38'),
(1040805, 'PAMPAMARCA', 10408, 104, 1, '2020-08-31 15:19:38', '2020-08-31 15:19:38'),
(1040806, 'PUYCA', 10408, 104, 1, '2020-08-31 15:19:38', '2020-08-31 15:19:38'),
(1040807, 'QUECHUALLA', 10408, 104, 1, '2020-08-31 15:19:38', '2020-08-31 15:19:38'),
(1040808, 'SAYLA', 10408, 104, 1, '2020-08-31 15:19:38', '2020-08-31 15:19:38'),
(1040809, 'TAURIA', 10408, 104, 1, '2020-08-31 15:19:38', '2020-08-31 15:19:38'),
(1040810, 'TOMEPAMPA', 10408, 104, 1, '2020-08-31 15:19:38', '2020-08-31 15:19:38'),
(1040811, 'TORO', 10408, 104, 1, '2020-08-31 15:19:38', '2020-08-31 15:19:38'),
(1050101, 'AYACUCHO', 10501, 105, 1, '2020-08-31 15:19:38', '2020-08-31 15:19:38'),
(1050102, 'ACOCRO', 10501, 105, 1, '2020-08-31 15:19:38', '2020-08-31 15:19:38'),
(1050103, 'ACOS VINCHOS', 10501, 105, 1, '2020-08-31 15:19:38', '2020-08-31 15:19:38'),
(1050104, 'CARMEN ALTO', 10501, 105, 1, '2020-08-31 15:19:38', '2020-08-31 15:19:38'),
(1050105, 'CHIARA', 10501, 105, 1, '2020-08-31 15:19:38', '2020-08-31 15:19:38'),
(1050106, 'OCROS', 10501, 105, 1, '2020-08-31 15:19:38', '2020-08-31 15:19:38'),
(1050107, 'PACAYCASA', 10501, 105, 1, '2020-08-31 15:19:38', '2020-08-31 15:19:38'),
(1050108, 'QUINUA', 10501, 105, 1, '2020-08-31 15:19:38', '2020-08-31 15:19:38'),
(1050109, 'SAN JOSE DE TICLLAS', 10501, 105, 1, '2020-08-31 15:19:38', '2020-08-31 15:19:38'),
(1050110, 'SAN JUAN BAUTISTA', 10501, 105, 1, '2020-08-31 15:19:38', '2020-08-31 15:19:38'),
(1050111, 'SANTIAGO DE PISCHA', 10501, 105, 1, '2020-08-31 15:19:38', '2020-08-31 15:19:38'),
(1050112, 'SOCOS', 10501, 105, 1, '2020-08-31 15:19:38', '2020-08-31 15:19:38'),
(1050113, 'TAMBILLO', 10501, 105, 1, '2020-08-31 15:19:38', '2020-08-31 15:19:38'),
(1050114, 'VINCHOS', 10501, 105, 1, '2020-08-31 15:19:38', '2020-08-31 15:19:38'),
(1050115, 'JESUS NAZARENO', 10501, 105, 1, '2020-08-31 15:19:38', '2020-08-31 15:19:38'),
(1050116, 'ANDRES AVELINO CACERES DORREGARAY', 10501, 105, 1, '2020-08-31 15:19:38', '2020-08-31 15:19:38'),
(1050201, 'CANGALLO', 10502, 105, 1, '2020-08-31 15:19:38', '2020-08-31 15:19:38'),
(1050202, 'CHUSCHI', 10502, 105, 1, '2020-08-31 15:19:38', '2020-08-31 15:19:38'),
(1050203, 'LOS MOROCHUCOS', 10502, 105, 1, '2020-08-31 15:19:38', '2020-08-31 15:19:38'),
(1050204, 'MARIA PARADO DE BELLIDO', 10502, 105, 1, '2020-08-31 15:19:38', '2020-08-31 15:19:38'),
(1050205, 'PARAS', 10502, 105, 1, '2020-08-31 15:19:38', '2020-08-31 15:19:38'),
(1050206, 'TOTOS', 10502, 105, 1, '2020-08-31 15:19:38', '2020-08-31 15:19:38'),
(1050301, 'SANCOS', 10503, 105, 1, '2020-08-31 15:19:38', '2020-08-31 15:19:38'),
(1050302, 'CARAPO', 10503, 105, 1, '2020-08-31 15:19:38', '2020-08-31 15:19:38'),
(1050303, 'SACSAMARCA', 10503, 105, 1, '2020-08-31 15:19:38', '2020-08-31 15:19:38'),
(1050304, 'SANTIAGO DE LUCANAMARCA', 10503, 105, 1, '2020-08-31 15:19:38', '2020-08-31 15:19:38'),
(1050401, 'HUANTA', 10504, 105, 1, '2020-08-31 15:19:38', '2020-08-31 15:19:38'),
(1050402, 'AYAHUANCO', 10504, 105, 1, '2020-08-31 15:19:38', '2020-08-31 15:19:38'),
(1050403, 'HUAMANGUILLA', 10504, 105, 1, '2020-08-31 15:19:38', '2020-08-31 15:19:38'),
(1050404, 'IGUAIN', 10504, 105, 1, '2020-08-31 15:19:38', '2020-08-31 15:19:38'),
(1050405, 'LURICOCHA', 10504, 105, 1, '2020-08-31 15:19:38', '2020-08-31 15:19:38'),
(1050406, 'SANTILLANA', 10504, 105, 1, '2020-08-31 15:19:38', '2020-08-31 15:19:38'),
(1050407, 'SIVIA', 10504, 105, 1, '2020-08-31 15:19:38', '2020-08-31 15:19:38'),
(1050408, 'LLOCHEGUA', 10504, 105, 1, '2020-08-31 15:19:38', '2020-08-31 15:19:38'),
(1050409, 'CANAYRE', 10504, 105, 1, '2020-08-31 15:19:38', '2020-08-31 15:19:38'),
(1050410, 'UCHURACCAY', 10504, 105, 1, '2020-08-31 15:19:38', '2020-08-31 15:19:38'),
(1050411, 'PUCACOLPA', 10504, 105, 1, '2020-08-31 15:19:38', '2020-08-31 15:19:38'),
(1050412, 'CHACA', 10504, 105, 1, '2020-08-31 15:19:38', '2020-08-31 15:19:38'),
(1050501, 'SAN MIGUEL', 10505, 105, 1, '2020-08-31 15:19:38', '2020-08-31 15:19:38'),
(1050502, 'ANCO', 10505, 105, 1, '2020-08-31 15:19:38', '2020-08-31 15:19:38'),
(1050503, 'AYNA', 10505, 105, 1, '2020-08-31 15:19:38', '2020-08-31 15:19:38'),
(1050504, 'CHILCAS', 10505, 105, 1, '2020-08-31 15:19:38', '2020-08-31 15:19:38'),
(1050505, 'CHUNGUI', 10505, 105, 1, '2020-08-31 15:19:38', '2020-08-31 15:19:38'),
(1050506, 'LUIS CARRANZA', 10505, 105, 1, '2020-08-31 15:19:38', '2020-08-31 15:19:38'),
(1050507, 'SANTA ROSA', 10505, 105, 1, '2020-08-31 15:19:38', '2020-08-31 15:19:38'),
(1050508, 'TAMBO', 10505, 105, 1, '2020-08-31 15:19:38', '2020-08-31 15:19:38'),
(1050509, 'SAMUGARI', 10505, 105, 1, '2020-08-31 15:19:38', '2020-08-31 15:19:38'),
(1050510, 'ANCHIHUAY', 10505, 105, 1, '2020-08-31 15:19:38', '2020-08-31 15:19:38'),
(1050511, 'ORONCCOY', 10505, 105, 1, '2020-08-31 15:19:38', '2020-08-31 15:19:38'),
(1050601, 'PUQUIO', 10506, 105, 1, '2020-08-31 15:19:38', '2020-08-31 15:19:38'),
(1050602, 'AUCARA', 10506, 105, 1, '2020-08-31 15:19:38', '2020-08-31 15:19:38'),
(1050603, 'CABANA', 10506, 105, 1, '2020-08-31 15:19:38', '2020-08-31 15:19:38'),
(1050604, 'CARMEN SALCEDO', 10506, 105, 1, '2020-08-31 15:19:38', '2020-08-31 15:19:38'),
(1050605, 'CHAVIÑA', 10506, 105, 1, '2020-08-31 15:19:38', '2020-08-31 15:19:38'),
(1050606, 'CHIPAO', 10506, 105, 1, '2020-08-31 15:19:38', '2020-08-31 15:19:38'),
(1050607, 'HUAC-HUAS', 10506, 105, 1, '2020-08-31 15:19:38', '2020-08-31 15:19:38'),
(1050608, 'LARAMATE', 10506, 105, 1, '2020-08-31 15:19:38', '2020-08-31 15:19:38'),
(1050609, 'LEONCIO PRADO', 10506, 105, 1, '2020-08-31 15:19:38', '2020-08-31 15:19:38'),
(1050610, 'LLAUTA', 10506, 105, 1, '2020-08-31 15:19:38', '2020-08-31 15:19:38'),
(1050611, 'LUCANAS', 10506, 105, 1, '2020-08-31 15:19:38', '2020-08-31 15:19:38'),
(1050612, 'OCAÑA', 10506, 105, 1, '2020-08-31 15:19:38', '2020-08-31 15:19:38'),
(1050613, 'OTOCA', 10506, 105, 1, '2020-08-31 15:19:38', '2020-08-31 15:19:38'),
(1050614, 'SAISA', 10506, 105, 1, '2020-08-31 15:19:38', '2020-08-31 15:19:38'),
(1050615, 'SAN CRISTOBAL', 10506, 105, 1, '2020-08-31 15:19:38', '2020-08-31 15:19:38'),
(1050616, 'SAN JUAN', 10506, 105, 1, '2020-08-31 15:19:38', '2020-08-31 15:19:38'),
(1050617, 'SAN PEDRO', 10506, 105, 1, '2020-08-31 15:19:38', '2020-08-31 15:19:38'),
(1050618, 'SAN PEDRO DE PALCO', 10506, 105, 1, '2020-08-31 15:19:38', '2020-08-31 15:19:38'),
(1050619, 'SANCOS', 10506, 105, 1, '2020-08-31 15:19:38', '2020-08-31 15:19:38'),
(1050620, 'SANTA ANA DE HUAYCAHUACHO', 10506, 105, 1, '2020-08-31 15:19:38', '2020-08-31 15:19:38'),
(1050621, 'SANTA LUCÍA', 10506, 105, 1, '2020-08-31 15:19:38', '2020-08-31 15:19:38'),
(1050701, 'CORACORA', 10507, 105, 1, '2020-08-31 15:19:38', '2020-08-31 15:19:38'),
(1050702, 'CHUMPI', 10507, 105, 1, '2020-08-31 15:19:38', '2020-08-31 15:19:38'),
(1050703, 'CORONEL CASTAÑEDA', 10507, 105, 1, '2020-08-31 15:19:38', '2020-08-31 15:19:38'),
(1050704, 'PACAPAUSA', 10507, 105, 1, '2020-08-31 15:19:38', '2020-08-31 15:19:38'),
(1050705, 'PULLO', 10507, 105, 1, '2020-08-31 15:19:38', '2020-08-31 15:19:38'),
(1050706, 'PUYUSCA', 10507, 105, 1, '2020-08-31 15:19:38', '2020-08-31 15:19:38'),
(1050707, 'SAN FRANCISCO DE RAVACAYCO', 10507, 105, 1, '2020-08-31 15:19:38', '2020-08-31 15:19:38'),
(1050708, 'UPAHUACHO', 10507, 105, 1, '2020-08-31 15:19:38', '2020-08-31 15:19:38'),
(1050801, 'PAUSA', 10508, 105, 1, '2020-08-31 15:19:38', '2020-08-31 15:19:38'),
(1050802, 'COLTA', 10508, 105, 1, '2020-08-31 15:19:38', '2020-08-31 15:19:38'),
(1050803, 'CORCULLA', 10508, 105, 1, '2020-08-31 15:19:38', '2020-08-31 15:19:38'),
(1050804, 'LAMPA', 10508, 105, 1, '2020-08-31 15:19:38', '2020-08-31 15:19:38'),
(1050805, 'MARCABAMBA', 10508, 105, 1, '2020-08-31 15:19:38', '2020-08-31 15:19:38'),
(1050806, 'OYOLO', 10508, 105, 1, '2020-08-31 15:19:38', '2020-08-31 15:19:38'),
(1050807, 'PARARCA', 10508, 105, 1, '2020-08-31 15:19:38', '2020-08-31 15:19:38'),
(1050808, 'SAN JAVIER DE ALPABAMBA', 10508, 105, 1, '2020-08-31 15:19:38', '2020-08-31 15:19:38'),
(1050809, 'SAN JOSE DE USHUA', 10508, 105, 1, '2020-08-31 15:19:38', '2020-08-31 15:19:38'),
(1050810, 'SARA SARA', 10508, 105, 1, '2020-08-31 15:19:38', '2020-08-31 15:19:38'),
(1050901, 'QUEROBAMBA', 10509, 105, 1, '2020-08-31 15:19:38', '2020-08-31 15:19:38'),
(1050902, 'BELEN', 10509, 105, 1, '2020-08-31 15:19:38', '2020-08-31 15:19:38'),
(1050903, 'CHALCOS', 10509, 105, 1, '2020-08-31 15:19:38', '2020-08-31 15:19:38'),
(1050904, 'CHILCAYOC', 10509, 105, 1, '2020-08-31 15:19:38', '2020-08-31 15:19:38'),
(1050905, 'HUACAÑA', 10509, 105, 1, '2020-08-31 15:19:38', '2020-08-31 15:19:38'),
(1050906, 'MORCOLLA', 10509, 105, 1, '2020-08-31 15:19:38', '2020-08-31 15:19:38'),
(1050907, 'PAICO', 10509, 105, 1, '2020-08-31 15:19:38', '2020-08-31 15:19:38'),
(1050908, 'SAN PEDRO DE LARCAY', 10509, 105, 1, '2020-08-31 15:19:38', '2020-08-31 15:19:38'),
(1050909, 'SAN SALVADOR DE QUIJE', 10509, 105, 1, '2020-08-31 15:19:38', '2020-08-31 15:19:38'),
(1050910, 'SANTIAGO DE PAUCARAY', 10509, 105, 1, '2020-08-31 15:19:38', '2020-08-31 15:19:38'),
(1050911, 'SORAS', 10509, 105, 1, '2020-08-31 15:19:38', '2020-08-31 15:19:38'),
(1051001, 'HUANCAPI', 10510, 105, 1, '2020-08-31 15:19:38', '2020-08-31 15:19:38'),
(1051002, 'ALCAMENCA', 10510, 105, 1, '2020-08-31 15:19:38', '2020-08-31 15:19:38'),
(1051003, 'APONGO', 10510, 105, 1, '2020-08-31 15:19:38', '2020-08-31 15:19:38'),
(1051004, 'ASQUIPATA', 10510, 105, 1, '2020-08-31 15:19:38', '2020-08-31 15:19:38'),
(1051005, 'CANARIA', 10510, 105, 1, '2020-08-31 15:19:38', '2020-08-31 15:19:38'),
(1051006, 'CAYARA', 10510, 105, 1, '2020-08-31 15:19:38', '2020-08-31 15:19:38'),
(1051007, 'COLCA', 10510, 105, 1, '2020-08-31 15:19:38', '2020-08-31 15:19:38'),
(1051008, 'HUAMANQUIQUIA', 10510, 105, 1, '2020-08-31 15:19:38', '2020-08-31 15:19:38'),
(1051009, 'HUANCARAYLLA', 10510, 105, 1, '2020-08-31 15:19:38', '2020-08-31 15:19:38'),
(1051010, 'HUAYA', 10510, 105, 1, '2020-08-31 15:19:38', '2020-08-31 15:19:38'),
(1051011, 'SARHUA', 10510, 105, 1, '2020-08-31 15:19:38', '2020-08-31 15:19:38'),
(1051012, 'VILCANCHOS', 10510, 105, 1, '2020-08-31 15:19:38', '2020-08-31 15:19:38'),
(1051101, 'VILCASHUAMÁN', 10511, 105, 1, '2020-08-31 15:19:38', '2020-08-31 15:19:38'),
(1051102, 'ACCOMARCA', 10511, 105, 1, '2020-08-31 15:19:38', '2020-08-31 15:19:38'),
(1051103, 'CARHUANCA', 10511, 105, 1, '2020-08-31 15:19:38', '2020-08-31 15:19:38'),
(1051104, 'CONCEPCIÓN', 10511, 105, 1, '2020-08-31 15:19:38', '2020-08-31 15:19:38'),
(1051105, 'HUAMBALPA', 10511, 105, 1, '2020-08-31 15:19:38', '2020-08-31 15:19:38'),
(1051106, 'INDEPENDENCIA', 10511, 105, 1, '2020-08-31 15:19:38', '2020-08-31 15:19:38'),
(1051107, 'SAURAMA', 10511, 105, 1, '2020-08-31 15:19:38', '2020-08-31 15:19:38'),
(1051108, 'VISCHONGO', 10511, 105, 1, '2020-08-31 15:19:38', '2020-08-31 15:19:38'),
(1060101, 'CAJAMARCA', 10601, 106, 1, '2020-08-31 15:19:38', '2020-08-31 15:19:38'),
(1060102, 'ASUNCIÓN', 10601, 106, 1, '2020-08-31 15:19:38', '2020-08-31 15:19:38'),
(1060103, 'CHETILLA', 10601, 106, 1, '2020-08-31 15:19:38', '2020-08-31 15:19:38'),
(1060104, 'COSPAN', 10601, 106, 1, '2020-08-31 15:19:38', '2020-08-31 15:19:38'),
(1060105, 'ENCAÑADA', 10601, 106, 1, '2020-08-31 15:19:38', '2020-08-31 15:19:38'),
(1060106, 'JESUS', 10601, 106, 1, '2020-08-31 15:19:38', '2020-08-31 15:19:38'),
(1060107, 'LLACANORA', 10601, 106, 1, '2020-08-31 15:19:38', '2020-08-31 15:19:38'),
(1060108, 'LOS BAÑOS DEL INCA', 10601, 106, 1, '2020-08-31 15:19:38', '2020-08-31 15:19:38'),
(1060109, 'MAGDALENA', 10601, 106, 1, '2020-08-31 15:19:38', '2020-08-31 15:19:38'),
(1060110, 'MATARA', 10601, 106, 1, '2020-08-31 15:19:38', '2020-08-31 15:19:38'),
(1060111, 'NAMORA', 10601, 106, 1, '2020-08-31 15:19:38', '2020-08-31 15:19:38'),
(1060112, 'SAN JUAN', 10601, 106, 1, '2020-08-31 15:19:38', '2020-08-31 15:19:38'),
(1060201, 'CAJABAMBA', 10602, 106, 1, '2020-08-31 15:19:38', '2020-08-31 15:19:38'),
(1060202, 'CACHACHI', 10602, 106, 1, '2020-08-31 15:19:38', '2020-08-31 15:19:38'),
(1060203, 'CONDEBAMBA', 10602, 106, 1, '2020-08-31 15:19:38', '2020-08-31 15:19:38'),
(1060204, 'SITACOCHA', 10602, 106, 1, '2020-08-31 15:19:38', '2020-08-31 15:19:38'),
(1060301, 'CELENDÍN', 10603, 106, 1, '2020-08-31 15:19:38', '2020-08-31 15:19:38'),
(1060302, 'CHUMUCH', 10603, 106, 1, '2020-08-31 15:19:38', '2020-08-31 15:19:38'),
(1060303, 'CORTEGANA', 10603, 106, 1, '2020-08-31 15:19:38', '2020-08-31 15:19:38'),
(1060304, 'HUASMIN', 10603, 106, 1, '2020-08-31 15:19:38', '2020-08-31 15:19:38'),
(1060305, 'JORGE CHAVEZ', 10603, 106, 1, '2020-08-31 15:19:38', '2020-08-31 15:19:38'),
(1060306, 'JOSE GALVEZ', 10603, 106, 1, '2020-08-31 15:19:38', '2020-08-31 15:19:38'),
(1060307, 'MIGUEL IGLESIAS', 10603, 106, 1, '2020-08-31 15:19:38', '2020-08-31 15:19:38'),
(1060308, 'OXAMARCA', 10603, 106, 1, '2020-08-31 15:19:38', '2020-08-31 15:19:38'),
(1060309, 'SOROCHUCO', 10603, 106, 1, '2020-08-31 15:19:38', '2020-08-31 15:19:38'),
(1060310, 'SUCRE', 10603, 106, 1, '2020-08-31 15:19:38', '2020-08-31 15:19:38'),
(1060311, 'UTCO', 10603, 106, 1, '2020-08-31 15:19:38', '2020-08-31 15:19:38'),
(1060312, 'LA LIBERTAD DE PALLÁN', 10603, 106, 1, '2020-08-31 15:19:38', '2020-08-31 15:19:38'),
(1060401, 'CHOTA', 10604, 106, 1, '2020-08-31 15:19:38', '2020-08-31 15:19:38'),
(1060402, 'ANGUIA', 10604, 106, 1, '2020-08-31 15:19:38', '2020-08-31 15:19:38'),
(1060403, 'CHADIN', 10604, 106, 1, '2020-08-31 15:19:38', '2020-08-31 15:19:38'),
(1060404, 'CHIGUIRIP', 10604, 106, 1, '2020-08-31 15:19:38', '2020-08-31 15:19:38'),
(1060405, 'CHIMBAN', 10604, 106, 1, '2020-08-31 15:19:38', '2020-08-31 15:19:38'),
(1060406, 'CHOROPAMPA', 10604, 106, 1, '2020-08-31 15:19:38', '2020-08-31 15:19:38'),
(1060407, 'COCHABAMBA', 10604, 106, 1, '2020-08-31 15:19:38', '2020-08-31 15:19:38'),
(1060408, 'CONCHAN', 10604, 106, 1, '2020-08-31 15:19:38', '2020-08-31 15:19:38'),
(1060409, 'HUAMBOS', 10604, 106, 1, '2020-08-31 15:19:38', '2020-08-31 15:19:38'),
(1060410, 'LAJAS', 10604, 106, 1, '2020-08-31 15:19:38', '2020-08-31 15:19:38');
INSERT INTO `distritos` (`IDDISTRITO`, `DISTRITO`, `IDPROVINCIA`, `IDDEPARTAMENTO`, `IDPAIS`, `CREATED_AT`, `UPDATED_AT`) VALUES
(1060411, 'LLAMA', 10604, 106, 1, '2020-08-31 15:19:38', '2020-08-31 15:19:38'),
(1060412, 'MIRACOSTA', 10604, 106, 1, '2020-08-31 15:19:38', '2020-08-31 15:19:38'),
(1060413, 'PACCHA', 10604, 106, 1, '2020-08-31 15:19:38', '2020-08-31 15:19:38'),
(1060414, 'PION', 10604, 106, 1, '2020-08-31 15:19:38', '2020-08-31 15:19:38'),
(1060415, 'QUEROCOTO', 10604, 106, 1, '2020-08-31 15:19:38', '2020-08-31 15:19:38'),
(1060416, 'SAN JUAN DE LICUPIS', 10604, 106, 1, '2020-08-31 15:19:38', '2020-08-31 15:19:38'),
(1060417, 'TACABAMBA', 10604, 106, 1, '2020-08-31 15:19:38', '2020-08-31 15:19:38'),
(1060418, 'TOCMOCHE', 10604, 106, 1, '2020-08-31 15:19:38', '2020-08-31 15:19:38'),
(1060419, 'CHALAMARCA', 10604, 106, 1, '2020-08-31 15:19:38', '2020-08-31 15:19:38'),
(1060501, 'CONTUMAZÁ', 10605, 106, 1, '2020-08-31 15:19:38', '2020-08-31 15:19:38'),
(1060502, 'CHILETE', 10605, 106, 1, '2020-08-31 15:19:38', '2020-08-31 15:19:38'),
(1060503, 'CUPISNIQUE', 10605, 106, 1, '2020-08-31 15:19:38', '2020-08-31 15:19:38'),
(1060504, 'GUZMANGO', 10605, 106, 1, '2020-08-31 15:19:38', '2020-08-31 15:19:38'),
(1060505, 'SAN BENITO', 10605, 106, 1, '2020-08-31 15:19:38', '2020-08-31 15:19:38'),
(1060506, 'SANTA CRUZ DE TOLEDO', 10605, 106, 1, '2020-08-31 15:19:38', '2020-08-31 15:19:38'),
(1060507, 'TANTARICA', 10605, 106, 1, '2020-08-31 15:19:38', '2020-08-31 15:19:38'),
(1060508, 'YONAN', 10605, 106, 1, '2020-08-31 15:19:38', '2020-08-31 15:19:38'),
(1060601, 'CUTERVO', 10606, 106, 1, '2020-08-31 15:19:38', '2020-08-31 15:19:38'),
(1060602, 'CALLAYUC', 10606, 106, 1, '2020-08-31 15:19:38', '2020-08-31 15:19:38'),
(1060603, 'CHOROS', 10606, 106, 1, '2020-08-31 15:19:38', '2020-08-31 15:19:38'),
(1060604, 'CUJILLO', 10606, 106, 1, '2020-08-31 15:19:38', '2020-08-31 15:19:38'),
(1060605, 'LA RAMADA', 10606, 106, 1, '2020-08-31 15:19:38', '2020-08-31 15:19:38'),
(1060606, 'PIMPINGOS', 10606, 106, 1, '2020-08-31 15:19:38', '2020-08-31 15:19:38'),
(1060607, 'QUEROCOTILLO', 10606, 106, 1, '2020-08-31 15:19:38', '2020-08-31 15:19:38'),
(1060608, 'SAN ANDRÉS DE CUTERVO', 10606, 106, 1, '2020-08-31 15:19:38', '2020-08-31 15:19:38'),
(1060609, 'SAN JUAN DE CUTERVO', 10606, 106, 1, '2020-08-31 15:19:38', '2020-08-31 15:19:38'),
(1060610, 'SAN LUIS DE LUCMA', 10606, 106, 1, '2020-08-31 15:19:38', '2020-08-31 15:19:38'),
(1060611, 'SANTA CRUZ', 10606, 106, 1, '2020-08-31 15:19:38', '2020-08-31 15:19:38'),
(1060612, 'SANTO DOMINGO DE LA CAPILLA', 10606, 106, 1, '2020-08-31 15:19:38', '2020-08-31 15:19:38'),
(1060613, 'SANTO TOMAS', 10606, 106, 1, '2020-08-31 15:19:38', '2020-08-31 15:19:38'),
(1060614, 'SOCOTA', 10606, 106, 1, '2020-08-31 15:19:38', '2020-08-31 15:19:38'),
(1060615, 'TORIBIO CASANOVA', 10606, 106, 1, '2020-08-31 15:19:38', '2020-08-31 15:19:38'),
(1060701, 'BAMBAMARCA', 10607, 106, 1, '2020-08-31 15:19:38', '2020-08-31 15:19:38'),
(1060702, 'CHUGUR', 10607, 106, 1, '2020-08-31 15:19:38', '2020-08-31 15:19:38'),
(1060703, 'HUALGAYOC', 10607, 106, 1, '2020-08-31 15:19:38', '2020-08-31 15:19:38'),
(1060801, 'JAÉN', 10608, 106, 1, '2020-08-31 15:19:38', '2020-08-31 15:19:38'),
(1060802, 'BELLAVISTA', 10608, 106, 1, '2020-08-31 15:19:38', '2020-08-31 15:19:38'),
(1060803, 'CHONTALI', 10608, 106, 1, '2020-08-31 15:19:38', '2020-08-31 15:19:38'),
(1060804, 'COLASAY', 10608, 106, 1, '2020-08-31 15:19:38', '2020-08-31 15:19:38'),
(1060805, 'HUABAL', 10608, 106, 1, '2020-08-31 15:19:38', '2020-08-31 15:19:38'),
(1060806, 'LAS PIRIAS', 10608, 106, 1, '2020-08-31 15:19:38', '2020-08-31 15:19:38'),
(1060807, 'POMAHUACA', 10608, 106, 1, '2020-08-31 15:19:38', '2020-08-31 15:19:38'),
(1060808, 'PUCARA', 10608, 106, 1, '2020-08-31 15:19:38', '2020-08-31 15:19:38'),
(1060809, 'SALLIQUE', 10608, 106, 1, '2020-08-31 15:19:38', '2020-08-31 15:19:38'),
(1060810, 'SAN FELIPE', 10608, 106, 1, '2020-08-31 15:19:38', '2020-08-31 15:19:38'),
(1060811, 'SAN JOSE DEL ALTO', 10608, 106, 1, '2020-08-31 15:19:38', '2020-08-31 15:19:38'),
(1060812, 'SANTA ROSA', 10608, 106, 1, '2020-08-31 15:19:38', '2020-08-31 15:19:38'),
(1060901, 'SAN IGNACIO', 10609, 106, 1, '2020-08-31 15:19:38', '2020-08-31 15:19:38'),
(1060902, 'CHIRINOS', 10609, 106, 1, '2020-08-31 15:19:38', '2020-08-31 15:19:38'),
(1060903, 'HUARANGO', 10609, 106, 1, '2020-08-31 15:19:38', '2020-08-31 15:19:38'),
(1060904, 'LA COIPA', 10609, 106, 1, '2020-08-31 15:19:38', '2020-08-31 15:19:38'),
(1060905, 'NAMBALLE', 10609, 106, 1, '2020-08-31 15:19:38', '2020-08-31 15:19:38'),
(1060906, 'SAN JOSE DE LOURDES', 10609, 106, 1, '2020-08-31 15:19:38', '2020-08-31 15:19:38'),
(1060907, 'TABACONAS', 10609, 106, 1, '2020-08-31 15:19:38', '2020-08-31 15:19:38'),
(1061001, 'PEDRO GALVEZ', 10610, 106, 1, '2020-08-31 15:19:38', '2020-08-31 15:19:38'),
(1061002, 'CHANCAY', 10610, 106, 1, '2020-08-31 15:19:38', '2020-08-31 15:19:38'),
(1061003, 'EDUARDO VILLANUEVA', 10610, 106, 1, '2020-08-31 15:19:38', '2020-08-31 15:19:38'),
(1061004, 'GREGORIO PITA', 10610, 106, 1, '2020-08-31 15:19:38', '2020-08-31 15:19:38'),
(1061005, 'ICHOCAN', 10610, 106, 1, '2020-08-31 15:19:38', '2020-08-31 15:19:38'),
(1061006, 'JOSE MANUEL QUIROZ', 10610, 106, 1, '2020-08-31 15:19:38', '2020-08-31 15:19:38'),
(1061007, 'JOSE SABOGAL', 10610, 106, 1, '2020-08-31 15:19:38', '2020-08-31 15:19:38'),
(1061101, 'SAN MIGUEL', 10611, 106, 1, '2020-08-31 15:19:38', '2020-08-31 15:19:38'),
(1061102, 'BOLÍVAR', 10611, 106, 1, '2020-08-31 15:19:38', '2020-08-31 15:19:38'),
(1061103, 'CALQUIS', 10611, 106, 1, '2020-08-31 15:19:38', '2020-08-31 15:19:38'),
(1061104, 'CATILLUC', 10611, 106, 1, '2020-08-31 15:19:38', '2020-08-31 15:19:38'),
(1061105, 'EL PRADO', 10611, 106, 1, '2020-08-31 15:19:38', '2020-08-31 15:19:38'),
(1061106, 'LA FLORIDA', 10611, 106, 1, '2020-08-31 15:19:38', '2020-08-31 15:19:38'),
(1061107, 'LLAPA', 10611, 106, 1, '2020-08-31 15:19:38', '2020-08-31 15:19:38'),
(1061108, 'NANCHOC', 10611, 106, 1, '2020-08-31 15:19:38', '2020-08-31 15:19:38'),
(1061109, 'NIEPOS', 10611, 106, 1, '2020-08-31 15:19:38', '2020-08-31 15:19:38'),
(1061110, 'SAN GREGORIO', 10611, 106, 1, '2020-08-31 15:19:38', '2020-08-31 15:19:38'),
(1061111, 'SAN SILVESTRE DE COCHAN', 10611, 106, 1, '2020-08-31 15:19:38', '2020-08-31 15:19:38'),
(1061112, 'TONGOD', 10611, 106, 1, '2020-08-31 15:19:38', '2020-08-31 15:19:38'),
(1061113, 'UNION AGUA BLANCA', 10611, 106, 1, '2020-08-31 15:19:38', '2020-08-31 15:19:38'),
(1061201, 'SAN PABLO', 10612, 106, 1, '2020-08-31 15:19:38', '2020-08-31 15:19:38'),
(1061202, 'SAN BERNARDINO', 10612, 106, 1, '2020-08-31 15:19:38', '2020-08-31 15:19:38'),
(1061203, 'SAN LUIS', 10612, 106, 1, '2020-08-31 15:19:38', '2020-08-31 15:19:38'),
(1061204, 'TUMBADEN', 10612, 106, 1, '2020-08-31 15:19:38', '2020-08-31 15:19:38'),
(1061301, 'SANTA CRUZ', 10613, 106, 1, '2020-08-31 15:19:38', '2020-08-31 15:19:38'),
(1061302, 'ANDABAMBA', 10613, 106, 1, '2020-08-31 15:19:38', '2020-08-31 15:19:38'),
(1061303, 'CATACHE', 10613, 106, 1, '2020-08-31 15:19:38', '2020-08-31 15:19:38'),
(1061304, 'CHANCAYBAÑOS', 10613, 106, 1, '2020-08-31 15:19:38', '2020-08-31 15:19:38'),
(1061305, 'LA ESPERANZA', 10613, 106, 1, '2020-08-31 15:19:38', '2020-08-31 15:19:38'),
(1061306, 'NINABAMBA', 10613, 106, 1, '2020-08-31 15:19:38', '2020-08-31 15:19:38'),
(1061307, 'PULAN', 10613, 106, 1, '2020-08-31 15:19:38', '2020-08-31 15:19:38'),
(1061308, 'SAUCEPAMPA', 10613, 106, 1, '2020-08-31 15:19:38', '2020-08-31 15:19:38'),
(1061309, 'SEXI', 10613, 106, 1, '2020-08-31 15:19:38', '2020-08-31 15:19:38'),
(1061310, 'UTICYACU', 10613, 106, 1, '2020-08-31 15:19:38', '2020-08-31 15:19:38'),
(1061311, 'YAUYUCAN', 10613, 106, 1, '2020-08-31 15:19:38', '2020-08-31 15:19:38'),
(1070101, 'CALLAO', 10701, 107, 1, '2020-08-31 15:19:38', '2020-08-31 15:19:38'),
(1070102, 'BELLAVISTA', 10701, 107, 1, '2020-08-31 15:19:38', '2020-08-31 15:19:38'),
(1070103, 'CARMEN DE LA LEGUA REYNOSO', 10701, 107, 1, '2020-08-31 15:19:38', '2020-08-31 15:19:38'),
(1070104, 'LA PERLA', 10701, 107, 1, '2020-08-31 15:19:38', '2020-08-31 15:19:38'),
(1070105, 'LA PUNTA', 10701, 107, 1, '2020-08-31 15:19:38', '2020-08-31 15:19:38'),
(1070106, 'VENTANILLA', 10701, 107, 1, '2020-08-31 15:19:38', '2020-08-31 15:19:38'),
(1070107, 'MI PERÚ', 10701, 107, 1, '2020-08-31 15:19:38', '2020-08-31 15:19:38'),
(1080101, 'CUSCO', 10801, 108, 1, '2020-08-31 15:19:38', '2020-08-31 15:19:38'),
(1080102, 'CCORCA', 10801, 108, 1, '2020-08-31 15:19:38', '2020-08-31 15:19:38'),
(1080103, 'POROY', 10801, 108, 1, '2020-08-31 15:19:38', '2020-08-31 15:19:38'),
(1080104, 'SAN JERONIMO', 10801, 108, 1, '2020-08-31 15:19:38', '2020-08-31 15:19:38'),
(1080105, 'SAN SEBASTIAN', 10801, 108, 1, '2020-08-31 15:19:38', '2020-08-31 15:19:38'),
(1080106, 'SANTIAGO', 10801, 108, 1, '2020-08-31 15:19:38', '2020-08-31 15:19:38'),
(1080107, 'SAYLLA', 10801, 108, 1, '2020-08-31 15:19:38', '2020-08-31 15:19:38'),
(1080108, 'WANCHAQ', 10801, 108, 1, '2020-08-31 15:19:38', '2020-08-31 15:19:38'),
(1080201, 'ACOMAYO', 10802, 108, 1, '2020-08-31 15:19:38', '2020-08-31 15:19:38'),
(1080202, 'ACOPIA', 10802, 108, 1, '2020-08-31 15:19:38', '2020-08-31 15:19:38'),
(1080203, 'ACOS', 10802, 108, 1, '2020-08-31 15:19:38', '2020-08-31 15:19:38'),
(1080204, 'MOSOC LLACTA', 10802, 108, 1, '2020-08-31 15:19:38', '2020-08-31 15:19:38'),
(1080205, 'POMACANCHI', 10802, 108, 1, '2020-08-31 15:19:38', '2020-08-31 15:19:38'),
(1080206, 'RONDOCAN', 10802, 108, 1, '2020-08-31 15:19:38', '2020-08-31 15:19:38'),
(1080207, 'SANGARARA', 10802, 108, 1, '2020-08-31 15:19:38', '2020-08-31 15:19:38'),
(1080301, 'ANTA', 10803, 108, 1, '2020-08-31 15:19:38', '2020-08-31 15:19:38'),
(1080302, 'ANCAHUASI', 10803, 108, 1, '2020-08-31 15:19:38', '2020-08-31 15:19:38'),
(1080303, 'CACHIMAYO', 10803, 108, 1, '2020-08-31 15:19:38', '2020-08-31 15:19:38'),
(1080304, 'CHINCHAYPUJIO', 10803, 108, 1, '2020-08-31 15:19:38', '2020-08-31 15:19:38'),
(1080305, 'HUAROCONDO', 10803, 108, 1, '2020-08-31 15:19:38', '2020-08-31 15:19:38'),
(1080306, 'LIMATAMBO', 10803, 108, 1, '2020-08-31 15:19:38', '2020-08-31 15:19:38'),
(1080307, 'MOLLEPATA', 10803, 108, 1, '2020-08-31 15:19:38', '2020-08-31 15:19:38'),
(1080308, 'PUCYURA', 10803, 108, 1, '2020-08-31 15:19:38', '2020-08-31 15:19:38'),
(1080309, 'ZURITE', 10803, 108, 1, '2020-08-31 15:19:38', '2020-08-31 15:19:38'),
(1080401, 'CALCA', 10804, 108, 1, '2020-08-31 15:19:38', '2020-08-31 15:19:38'),
(1080402, 'COYA', 10804, 108, 1, '2020-08-31 15:19:38', '2020-08-31 15:19:38'),
(1080403, 'LAMAY', 10804, 108, 1, '2020-08-31 15:19:38', '2020-08-31 15:19:38'),
(1080404, 'LARES', 10804, 108, 1, '2020-08-31 15:19:38', '2020-08-31 15:19:38'),
(1080405, 'PISAC', 10804, 108, 1, '2020-08-31 15:19:38', '2020-08-31 15:19:38'),
(1080406, 'SAN SALVADOR', 10804, 108, 1, '2020-08-31 15:19:38', '2020-08-31 15:19:38'),
(1080407, 'TARAY', 10804, 108, 1, '2020-08-31 15:19:38', '2020-08-31 15:19:38'),
(1080408, 'YANATILE', 10804, 108, 1, '2020-08-31 15:19:38', '2020-08-31 15:19:38'),
(1080501, 'YANAOCA', 10805, 108, 1, '2020-08-31 15:19:38', '2020-08-31 15:19:38'),
(1080502, 'CHECCA', 10805, 108, 1, '2020-08-31 15:19:38', '2020-08-31 15:19:38'),
(1080503, 'KUNTURKANKI', 10805, 108, 1, '2020-08-31 15:19:38', '2020-08-31 15:19:38'),
(1080504, 'LANGUI', 10805, 108, 1, '2020-08-31 15:19:38', '2020-08-31 15:19:38'),
(1080505, 'LAYO', 10805, 108, 1, '2020-08-31 15:19:38', '2020-08-31 15:19:38'),
(1080506, 'PAMPAMARCA', 10805, 108, 1, '2020-08-31 15:19:38', '2020-08-31 15:19:38'),
(1080507, 'QUEHUE', 10805, 108, 1, '2020-08-31 15:19:38', '2020-08-31 15:19:38'),
(1080508, 'TUPAC AMARU', 10805, 108, 1, '2020-08-31 15:19:38', '2020-08-31 15:19:38'),
(1080601, 'SICUANI', 10806, 108, 1, '2020-08-31 15:19:38', '2020-08-31 15:19:38'),
(1080602, 'CHECACUPE', 10806, 108, 1, '2020-08-31 15:19:38', '2020-08-31 15:19:38'),
(1080603, 'COMBAPATA', 10806, 108, 1, '2020-08-31 15:19:38', '2020-08-31 15:19:38'),
(1080604, 'MARANGANI', 10806, 108, 1, '2020-08-31 15:19:38', '2020-08-31 15:19:38'),
(1080605, 'PITUMARCA', 10806, 108, 1, '2020-08-31 15:19:38', '2020-08-31 15:19:38'),
(1080606, 'SAN PABLO', 10806, 108, 1, '2020-08-31 15:19:38', '2020-08-31 15:19:38'),
(1080607, 'SAN PEDRO', 10806, 108, 1, '2020-08-31 15:19:38', '2020-08-31 15:19:38'),
(1080608, 'TINTA', 10806, 108, 1, '2020-08-31 15:19:38', '2020-08-31 15:19:38'),
(1080701, 'SANTO TOMAS', 10807, 108, 1, '2020-08-31 15:19:38', '2020-08-31 15:19:38'),
(1080702, 'CAPACMARCA', 10807, 108, 1, '2020-08-31 15:19:38', '2020-08-31 15:19:38'),
(1080703, 'CHAMACA', 10807, 108, 1, '2020-08-31 15:19:38', '2020-08-31 15:19:38'),
(1080704, 'COLQUEMARCA', 10807, 108, 1, '2020-08-31 15:19:38', '2020-08-31 15:19:38'),
(1080705, 'LIVITACA', 10807, 108, 1, '2020-08-31 15:19:38', '2020-08-31 15:19:38'),
(1080706, 'LLUSCO', 10807, 108, 1, '2020-08-31 15:19:38', '2020-08-31 15:19:38'),
(1080707, 'QUIÑOTA', 10807, 108, 1, '2020-08-31 15:19:38', '2020-08-31 15:19:38'),
(1080708, 'VELILLE', 10807, 108, 1, '2020-08-31 15:19:38', '2020-08-31 15:19:38'),
(1080801, 'ESPINAR', 10808, 108, 1, '2020-08-31 15:19:38', '2020-08-31 15:19:38'),
(1080802, 'CONDOROMA', 10808, 108, 1, '2020-08-31 15:19:38', '2020-08-31 15:19:38'),
(1080803, 'COPORAQUE', 10808, 108, 1, '2020-08-31 15:19:38', '2020-08-31 15:19:38'),
(1080804, 'OCORURO', 10808, 108, 1, '2020-08-31 15:19:38', '2020-08-31 15:19:38'),
(1080805, 'PALLPATA', 10808, 108, 1, '2020-08-31 15:19:38', '2020-08-31 15:19:38'),
(1080806, 'PICHIGUA', 10808, 108, 1, '2020-08-31 15:19:38', '2020-08-31 15:19:38'),
(1080807, 'SUYCKUTAMBO', 10808, 108, 1, '2020-08-31 15:19:38', '2020-08-31 15:19:38'),
(1080808, 'ALTO PICHIGUA', 10808, 108, 1, '2020-08-31 15:19:38', '2020-08-31 15:19:38'),
(1080901, 'SANTA ANA', 10809, 108, 1, '2020-08-31 15:19:38', '2020-08-31 15:19:38'),
(1080902, 'ECHARATE', 10809, 108, 1, '2020-08-31 15:19:38', '2020-08-31 15:19:38'),
(1080903, 'HUAYOPATA', 10809, 108, 1, '2020-08-31 15:19:38', '2020-08-31 15:19:38'),
(1080904, 'MARANURA', 10809, 108, 1, '2020-08-31 15:19:38', '2020-08-31 15:19:38'),
(1080905, 'OCOBAMBA', 10809, 108, 1, '2020-08-31 15:19:38', '2020-08-31 15:19:38'),
(1080906, 'QUELLOUNO', 10809, 108, 1, '2020-08-31 15:19:38', '2020-08-31 15:19:38'),
(1080907, 'KIMBIRI', 10809, 108, 1, '2020-08-31 15:19:38', '2020-08-31 15:19:38'),
(1080908, 'SANTA TERESA', 10809, 108, 1, '2020-08-31 15:19:38', '2020-08-31 15:19:38'),
(1080909, 'VILCABAMBA', 10809, 108, 1, '2020-08-31 15:19:38', '2020-08-31 15:19:38'),
(1080910, 'PICHARI', 10809, 108, 1, '2020-08-31 15:19:38', '2020-08-31 15:19:38'),
(1080911, 'INKAWASI', 10809, 108, 1, '2020-08-31 15:19:38', '2020-08-31 15:19:38'),
(1080912, 'VILLA VIRGEN', 10809, 108, 1, '2020-08-31 15:19:38', '2020-08-31 15:19:38'),
(1080913, 'VILLA KINTIARINA', 10809, 108, 1, '2020-08-31 15:19:38', '2020-08-31 15:19:38'),
(1080914, 'MEGANTONI', 10809, 108, 1, '2020-08-31 15:19:38', '2020-08-31 15:19:38'),
(1081001, 'PARURO', 10810, 108, 1, '2020-08-31 15:19:38', '2020-08-31 15:19:38'),
(1081002, 'ACCHA', 10810, 108, 1, '2020-08-31 15:19:38', '2020-08-31 15:19:38'),
(1081003, 'CCAPI', 10810, 108, 1, '2020-08-31 15:19:38', '2020-08-31 15:19:38'),
(1081004, 'COLCHA', 10810, 108, 1, '2020-08-31 15:19:38', '2020-08-31 15:19:38'),
(1081005, 'HUANOQUITE', 10810, 108, 1, '2020-08-31 15:19:38', '2020-08-31 15:19:38'),
(1081006, 'OMACHA', 10810, 108, 1, '2020-08-31 15:19:38', '2020-08-31 15:19:38'),
(1081007, 'PACCARITAMBO', 10810, 108, 1, '2020-08-31 15:19:38', '2020-08-31 15:19:38'),
(1081008, 'PILLPINTO', 10810, 108, 1, '2020-08-31 15:19:38', '2020-08-31 15:19:38'),
(1081009, 'YAURISQUE', 10810, 108, 1, '2020-08-31 15:19:38', '2020-08-31 15:19:38'),
(1081101, 'PAUCARTAMBO', 10811, 108, 1, '2020-08-31 15:19:38', '2020-08-31 15:19:38'),
(1081102, 'CAICAY', 10811, 108, 1, '2020-08-31 15:19:38', '2020-08-31 15:19:38'),
(1081103, 'CHALLABAMBA', 10811, 108, 1, '2020-08-31 15:19:38', '2020-08-31 15:19:38'),
(1081104, 'COLQUEPATA', 10811, 108, 1, '2020-08-31 15:19:38', '2020-08-31 15:19:38'),
(1081105, 'HUANCARANI', 10811, 108, 1, '2020-08-31 15:19:38', '2020-08-31 15:19:38'),
(1081106, 'KOSÑIPATA', 10811, 108, 1, '2020-08-31 15:19:38', '2020-08-31 15:19:38'),
(1081201, 'URCOS', 10812, 108, 1, '2020-08-31 15:19:38', '2020-08-31 15:19:38'),
(1081202, 'ANDAHUAYLILLAS', 10812, 108, 1, '2020-08-31 15:19:38', '2020-08-31 15:19:38'),
(1081203, 'CAMANTI', 10812, 108, 1, '2020-08-31 15:19:38', '2020-08-31 15:19:38'),
(1081204, 'CCARHUAYO', 10812, 108, 1, '2020-08-31 15:19:38', '2020-08-31 15:19:38'),
(1081205, 'CCATCA', 10812, 108, 1, '2020-08-31 15:19:38', '2020-08-31 15:19:38'),
(1081206, 'CUSIPATA', 10812, 108, 1, '2020-08-31 15:19:38', '2020-08-31 15:19:38'),
(1081207, 'HUARO', 10812, 108, 1, '2020-08-31 15:19:38', '2020-08-31 15:19:38'),
(1081208, 'LUCRE', 10812, 108, 1, '2020-08-31 15:19:38', '2020-08-31 15:19:38'),
(1081209, 'MARCAPATA', 10812, 108, 1, '2020-08-31 15:19:38', '2020-08-31 15:19:38'),
(1081210, 'OCONGATE', 10812, 108, 1, '2020-08-31 15:19:38', '2020-08-31 15:19:38'),
(1081211, 'OROPESA', 10812, 108, 1, '2020-08-31 15:19:38', '2020-08-31 15:19:38'),
(1081212, 'QUIQUIJANA', 10812, 108, 1, '2020-08-31 15:19:38', '2020-08-31 15:19:38'),
(1081301, 'URUBAMBA', 10813, 108, 1, '2020-08-31 15:19:38', '2020-08-31 15:19:38'),
(1081302, 'CHINCHERO', 10813, 108, 1, '2020-08-31 15:19:38', '2020-08-31 15:19:38'),
(1081303, 'HUAYLLABAMBA', 10813, 108, 1, '2020-08-31 15:19:38', '2020-08-31 15:19:38'),
(1081304, 'MACHUPICCHU', 10813, 108, 1, '2020-08-31 15:19:38', '2020-08-31 15:19:38'),
(1081305, 'MARAS', 10813, 108, 1, '2020-08-31 15:19:38', '2020-08-31 15:19:38'),
(1081306, 'OLLANTAYTAMBO', 10813, 108, 1, '2020-08-31 15:19:38', '2020-08-31 15:19:38'),
(1081307, 'YUCAY', 10813, 108, 1, '2020-08-31 15:19:38', '2020-08-31 15:19:38'),
(1090101, 'HUANCAVELICA', 10901, 109, 1, '2020-08-31 15:19:38', '2020-08-31 15:19:38'),
(1090102, 'ACOBAMBILLA', 10901, 109, 1, '2020-08-31 15:19:38', '2020-08-31 15:19:38'),
(1090103, 'ACORIA', 10901, 109, 1, '2020-08-31 15:19:38', '2020-08-31 15:19:38'),
(1090104, 'CONAYCA', 10901, 109, 1, '2020-08-31 15:19:38', '2020-08-31 15:19:38'),
(1090105, 'CUENCA', 10901, 109, 1, '2020-08-31 15:19:38', '2020-08-31 15:19:38'),
(1090106, 'HUACHOCOLPA', 10901, 109, 1, '2020-08-31 15:19:38', '2020-08-31 15:19:38'),
(1090107, 'HUAYLLAHUARA', 10901, 109, 1, '2020-08-31 15:19:38', '2020-08-31 15:19:38'),
(1090108, 'IZCUCHACA', 10901, 109, 1, '2020-08-31 15:19:38', '2020-08-31 15:19:38'),
(1090109, 'LARIA', 10901, 109, 1, '2020-08-31 15:19:38', '2020-08-31 15:19:38'),
(1090110, 'MANTA', 10901, 109, 1, '2020-08-31 15:19:38', '2020-08-31 15:19:38'),
(1090111, 'MARISCAL CÁCERES', 10901, 109, 1, '2020-08-31 15:19:38', '2020-08-31 15:19:38'),
(1090112, 'MOYA', 10901, 109, 1, '2020-08-31 15:19:38', '2020-08-31 15:19:38'),
(1090113, 'NUEVO OCCORO', 10901, 109, 1, '2020-08-31 15:19:38', '2020-08-31 15:19:38'),
(1090114, 'PALCA', 10901, 109, 1, '2020-08-31 15:19:38', '2020-08-31 15:19:38'),
(1090115, 'PILCHACA', 10901, 109, 1, '2020-08-31 15:19:38', '2020-08-31 15:19:38'),
(1090116, 'VILCA', 10901, 109, 1, '2020-08-31 15:19:38', '2020-08-31 15:19:38'),
(1090117, 'YAULI', 10901, 109, 1, '2020-08-31 15:19:38', '2020-08-31 15:19:38'),
(1090118, 'ASCENSION', 10901, 109, 1, '2020-08-31 15:19:38', '2020-08-31 15:19:38'),
(1090119, 'HUANDO', 10901, 109, 1, '2020-08-31 15:19:38', '2020-08-31 15:19:38'),
(1090201, 'ACOBAMBA', 10902, 109, 1, '2020-08-31 15:19:38', '2020-08-31 15:19:38'),
(1090202, 'ANDABAMBA', 10902, 109, 1, '2020-08-31 15:19:38', '2020-08-31 15:19:38'),
(1090203, 'ANTA', 10902, 109, 1, '2020-08-31 15:19:38', '2020-08-31 15:19:38'),
(1090204, 'CAJA', 10902, 109, 1, '2020-08-31 15:19:38', '2020-08-31 15:19:38'),
(1090205, 'MARCAS', 10902, 109, 1, '2020-08-31 15:19:38', '2020-08-31 15:19:38'),
(1090206, 'PAUCARA', 10902, 109, 1, '2020-08-31 15:19:38', '2020-08-31 15:19:38'),
(1090207, 'POMACOCHA', 10902, 109, 1, '2020-08-31 15:19:38', '2020-08-31 15:19:38'),
(1090208, 'ROSARIO', 10902, 109, 1, '2020-08-31 15:19:38', '2020-08-31 15:19:38'),
(1090301, 'LIRCAY', 10903, 109, 1, '2020-08-31 15:19:38', '2020-08-31 15:19:38'),
(1090302, 'ANCHONGA', 10903, 109, 1, '2020-08-31 15:19:38', '2020-08-31 15:19:38'),
(1090303, 'CALLANMARCA', 10903, 109, 1, '2020-08-31 15:19:38', '2020-08-31 15:19:38'),
(1090304, 'CCOCHACCASA', 10903, 109, 1, '2020-08-31 15:19:38', '2020-08-31 15:19:38'),
(1090305, 'CHINCHO', 10903, 109, 1, '2020-08-31 15:19:38', '2020-08-31 15:19:38'),
(1090306, 'CONGALLA', 10903, 109, 1, '2020-08-31 15:19:38', '2020-08-31 15:19:38'),
(1090307, 'HUANCA-HUANCA', 10903, 109, 1, '2020-08-31 15:19:38', '2020-08-31 15:19:38'),
(1090308, 'HUAYLLAY GRANDE', 10903, 109, 1, '2020-08-31 15:19:38', '2020-08-31 15:19:38'),
(1090309, 'JULCAMARCA', 10903, 109, 1, '2020-08-31 15:19:38', '2020-08-31 15:19:38'),
(1090310, 'SAN ANTONIO DE ANTAPARCO', 10903, 109, 1, '2020-08-31 15:19:38', '2020-08-31 15:19:38'),
(1090311, 'SANTO TOMAS DE PATA', 10903, 109, 1, '2020-08-31 15:19:38', '2020-08-31 15:19:38'),
(1090312, 'SECCLLA', 10903, 109, 1, '2020-08-31 15:19:38', '2020-08-31 15:19:38'),
(1090401, 'CASTROVIRREYNA', 10904, 109, 1, '2020-08-31 15:19:38', '2020-08-31 15:19:38'),
(1090402, 'ARMA', 10904, 109, 1, '2020-08-31 15:19:38', '2020-08-31 15:19:38'),
(1090403, 'AURAHUA', 10904, 109, 1, '2020-08-31 15:19:38', '2020-08-31 15:19:38'),
(1090404, 'CAPILLAS', 10904, 109, 1, '2020-08-31 15:19:38', '2020-08-31 15:19:38'),
(1090405, 'CHUPAMARCA', 10904, 109, 1, '2020-08-31 15:19:38', '2020-08-31 15:19:38'),
(1090406, 'COCAS', 10904, 109, 1, '2020-08-31 15:19:38', '2020-08-31 15:19:38'),
(1090407, 'HUACHOS', 10904, 109, 1, '2020-08-31 15:19:38', '2020-08-31 15:19:38'),
(1090408, 'HUAMATAMBO', 10904, 109, 1, '2020-08-31 15:19:38', '2020-08-31 15:19:38'),
(1090409, 'MOLLEPAMPA', 10904, 109, 1, '2020-08-31 15:19:38', '2020-08-31 15:19:38'),
(1090410, 'SAN JUAN', 10904, 109, 1, '2020-08-31 15:19:38', '2020-08-31 15:19:38'),
(1090411, 'SANTA ANA', 10904, 109, 1, '2020-08-31 15:19:38', '2020-08-31 15:19:38'),
(1090412, 'TANTARA', 10904, 109, 1, '2020-08-31 15:19:38', '2020-08-31 15:19:38'),
(1090413, 'TICRAPO', 10904, 109, 1, '2020-08-31 15:19:38', '2020-08-31 15:19:38'),
(1090501, 'CHURCAMPA', 10905, 109, 1, '2020-08-31 15:19:38', '2020-08-31 15:19:38'),
(1090502, 'ANCO', 10905, 109, 1, '2020-08-31 15:19:38', '2020-08-31 15:19:38'),
(1090503, 'CHINCHIHUASI', 10905, 109, 1, '2020-08-31 15:19:38', '2020-08-31 15:19:38'),
(1090504, 'EL CARMEN', 10905, 109, 1, '2020-08-31 15:19:38', '2020-08-31 15:19:38'),
(1090505, 'LA MERCED', 10905, 109, 1, '2020-08-31 15:19:38', '2020-08-31 15:19:38'),
(1090506, 'LOCROJA', 10905, 109, 1, '2020-08-31 15:19:38', '2020-08-31 15:19:38'),
(1090507, 'PAUCARBAMBA', 10905, 109, 1, '2020-08-31 15:19:38', '2020-08-31 15:19:38'),
(1090508, 'SAN MIGUEL DE MAYOCC', 10905, 109, 1, '2020-08-31 15:19:38', '2020-08-31 15:19:38'),
(1090509, 'SAN PEDRO DE CORIS', 10905, 109, 1, '2020-08-31 15:19:38', '2020-08-31 15:19:38'),
(1090510, 'PACHAMARCA', 10905, 109, 1, '2020-08-31 15:19:38', '2020-08-31 15:19:38'),
(1090511, 'COSME', 10905, 109, 1, '2020-08-31 15:19:38', '2020-08-31 15:19:38'),
(1090601, 'HUAYTARÁ', 10906, 109, 1, '2020-08-31 15:19:38', '2020-08-31 15:19:38'),
(1090602, 'AYAVI', 10906, 109, 1, '2020-08-31 15:19:38', '2020-08-31 15:19:38'),
(1090603, 'CORDOVA', 10906, 109, 1, '2020-08-31 15:19:38', '2020-08-31 15:19:38'),
(1090604, 'HUAYACUNDO ARMA', 10906, 109, 1, '2020-08-31 15:19:38', '2020-08-31 15:19:38'),
(1090605, 'LARAMARCA', 10906, 109, 1, '2020-08-31 15:19:38', '2020-08-31 15:19:38'),
(1090606, 'OCOYO', 10906, 109, 1, '2020-08-31 15:19:38', '2020-08-31 15:19:38'),
(1090607, 'PILPICHACA', 10906, 109, 1, '2020-08-31 15:19:38', '2020-08-31 15:19:38'),
(1090608, 'QUERCO', 10906, 109, 1, '2020-08-31 15:19:38', '2020-08-31 15:19:38'),
(1090609, 'QUITO-ARMA', 10906, 109, 1, '2020-08-31 15:19:38', '2020-08-31 15:19:38'),
(1090610, 'SAN ANTONIO DE CUSICANCHA', 10906, 109, 1, '2020-08-31 15:19:38', '2020-08-31 15:19:38'),
(1090611, 'SAN FRANCISCO DE SANGAYAICO', 10906, 109, 1, '2020-08-31 15:19:38', '2020-08-31 15:19:38'),
(1090612, 'SAN ISIDRO', 10906, 109, 1, '2020-08-31 15:19:38', '2020-08-31 15:19:38'),
(1090613, 'SANTIAGO DE CHOCORVOS', 10906, 109, 1, '2020-08-31 15:19:38', '2020-08-31 15:19:38'),
(1090614, 'SANTIAGO DE QUIRAHUARA', 10906, 109, 1, '2020-08-31 15:19:38', '2020-08-31 15:19:38'),
(1090615, 'SANTO DOMINGO DE CAPILLAS', 10906, 109, 1, '2020-08-31 15:19:38', '2020-08-31 15:19:38'),
(1090616, 'TAMBO', 10906, 109, 1, '2020-08-31 15:19:38', '2020-08-31 15:19:38'),
(1090701, 'PAMPAS', 10907, 109, 1, '2020-08-31 15:19:38', '2020-08-31 15:19:38'),
(1090702, 'ACOSTAMBO', 10907, 109, 1, '2020-08-31 15:19:38', '2020-08-31 15:19:38'),
(1090703, 'ACRAQUIA', 10907, 109, 1, '2020-08-31 15:19:38', '2020-08-31 15:19:38'),
(1090704, 'AHUAYCHA', 10907, 109, 1, '2020-08-31 15:19:38', '2020-08-31 15:19:38'),
(1090705, 'COLCABAMBA', 10907, 109, 1, '2020-08-31 15:19:38', '2020-08-31 15:19:38'),
(1090706, 'DANIEL HERNANDEZ', 10907, 109, 1, '2020-08-31 15:19:38', '2020-08-31 15:19:38'),
(1090707, 'HUACHOCOLPA', 10907, 109, 1, '2020-08-31 15:19:38', '2020-08-31 15:19:38'),
(1090709, 'ÑAHUIMPUQUIO', 10907, 109, 1, '2020-08-31 15:19:38', '2020-08-31 15:19:38'),
(1090710, 'PAZOS', 10907, 109, 1, '2020-08-31 15:19:38', '2020-08-31 15:19:38'),
(1090711, 'QUISHUAR', 10907, 109, 1, '2020-08-31 15:19:38', '2020-08-31 15:19:38'),
(1090713, 'SALCAHUASI', 10907, 109, 1, '2020-08-31 15:19:38', '2020-08-31 15:19:38'),
(1090714, 'SAN MARCOS DE ROCCHAC', 10907, 109, 1, '2020-08-31 15:19:38', '2020-08-31 15:19:38'),
(1090715, 'SURCUBAMBA', 10907, 109, 1, '2020-08-31 15:19:38', '2020-08-31 15:19:38'),
(1090716, 'TINTAY PUNCU', 10907, 109, 1, '2020-08-31 15:19:38', '2020-08-31 15:19:38'),
(1090717, 'QUICHUAS', 10907, 109, 1, '2020-08-31 15:19:38', '2020-08-31 15:19:38'),
(1090718, 'ANDAYMARCA', 10907, 109, 1, '2020-08-31 15:19:38', '2020-08-31 15:19:38'),
(1090719, 'ROBLE', 10907, 109, 1, '2020-08-31 15:19:38', '2020-08-31 15:19:38'),
(1090720, 'PICHOS', 10907, 109, 1, '2020-08-31 15:19:38', '2020-08-31 15:19:38'),
(1090721, 'SANTIAGO DE TUCUMA', 10907, 109, 1, '2020-08-31 15:19:38', '2020-08-31 15:19:38'),
(1100101, 'HUÁNUCO', 11001, 110, 1, '2020-08-31 15:19:38', '2020-08-31 15:19:38'),
(1100102, 'AMARILIS', 11001, 110, 1, '2020-08-31 15:19:38', '2020-08-31 15:19:38'),
(1100103, 'CHINCHAO', 11001, 110, 1, '2020-08-31 15:19:38', '2020-08-31 15:19:38'),
(1100104, 'CHURUBAMBA', 11001, 110, 1, '2020-08-31 15:19:38', '2020-08-31 15:19:38'),
(1100105, 'MARGOS', 11001, 110, 1, '2020-08-31 15:19:38', '2020-08-31 15:19:38'),
(1100106, 'QUISQUI (KICHKI)', 11001, 110, 1, '2020-08-31 15:19:38', '2020-08-31 15:19:38'),
(1100107, 'SAN FRANCISCO DE CAYRAN', 11001, 110, 1, '2020-08-31 15:19:38', '2020-08-31 15:19:38'),
(1100108, 'SAN PEDRO DE CHAULAN', 11001, 110, 1, '2020-08-31 15:19:38', '2020-08-31 15:19:38'),
(1100109, 'SANTA MARÍA DEL VALLE', 11001, 110, 1, '2020-08-31 15:19:38', '2020-08-31 15:19:38'),
(1100110, 'YARUMAYO', 11001, 110, 1, '2020-08-31 15:19:38', '2020-08-31 15:19:38'),
(1100111, 'PILLCO MARCA', 11001, 110, 1, '2020-08-31 15:19:38', '2020-08-31 15:19:38'),
(1100112, 'YACUS', 11001, 110, 1, '2020-08-31 15:19:38', '2020-08-31 15:19:38'),
(1100113, 'SAN PABLO DE PILLAO', 11001, 110, 1, '2020-08-31 15:19:38', '2020-08-31 15:19:38'),
(1100201, 'AMBO', 11002, 110, 1, '2020-08-31 15:19:38', '2020-08-31 15:19:38'),
(1100202, 'CAYNA', 11002, 110, 1, '2020-08-31 15:19:38', '2020-08-31 15:19:38'),
(1100203, 'COLPAS', 11002, 110, 1, '2020-08-31 15:19:38', '2020-08-31 15:19:38'),
(1100204, 'CONCHAMARCA', 11002, 110, 1, '2020-08-31 15:19:38', '2020-08-31 15:19:38'),
(1100205, 'HUACAR', 11002, 110, 1, '2020-08-31 15:19:38', '2020-08-31 15:19:38'),
(1100206, 'SAN FRANCISCO', 11002, 110, 1, '2020-08-31 15:19:38', '2020-08-31 15:19:38'),
(1100207, 'SAN RAFAEL', 11002, 110, 1, '2020-08-31 15:19:38', '2020-08-31 15:19:38'),
(1100208, 'TOMAY KICHWA', 11002, 110, 1, '2020-08-31 15:19:38', '2020-08-31 15:19:38'),
(1100301, 'LA UNION', 11003, 110, 1, '2020-08-31 15:19:38', '2020-08-31 15:19:38'),
(1100307, 'CHUQUIS', 11003, 110, 1, '2020-08-31 15:19:38', '2020-08-31 15:19:38'),
(1100311, 'MARIAS', 11003, 110, 1, '2020-08-31 15:19:38', '2020-08-31 15:19:38'),
(1100313, 'PACHAS', 11003, 110, 1, '2020-08-31 15:19:38', '2020-08-31 15:19:38'),
(1100316, 'QUIVILLA', 11003, 110, 1, '2020-08-31 15:19:38', '2020-08-31 15:19:38'),
(1100317, 'RIPAN', 11003, 110, 1, '2020-08-31 15:19:38', '2020-08-31 15:19:38'),
(1100321, 'SHUNQUI', 11003, 110, 1, '2020-08-31 15:19:38', '2020-08-31 15:19:38'),
(1100322, 'SILLAPATA', 11003, 110, 1, '2020-08-31 15:19:38', '2020-08-31 15:19:38'),
(1100323, 'YANAS', 11003, 110, 1, '2020-08-31 15:19:38', '2020-08-31 15:19:38'),
(1100401, 'HUACAYBAMBA', 11004, 110, 1, '2020-08-31 15:19:38', '2020-08-31 15:19:38'),
(1100402, 'CANCHABAMBA', 11004, 110, 1, '2020-08-31 15:19:38', '2020-08-31 15:19:38'),
(1100403, 'COCHABAMBA', 11004, 110, 1, '2020-08-31 15:19:38', '2020-08-31 15:19:38'),
(1100404, 'PINRA', 11004, 110, 1, '2020-08-31 15:19:38', '2020-08-31 15:19:38'),
(1100501, 'LLATA', 11005, 110, 1, '2020-08-31 15:19:38', '2020-08-31 15:19:38'),
(1100502, 'ARANCAY', 11005, 110, 1, '2020-08-31 15:19:38', '2020-08-31 15:19:38'),
(1100503, 'CHAVIN DE PARIARCA', 11005, 110, 1, '2020-08-31 15:19:38', '2020-08-31 15:19:38'),
(1100504, 'JACAS GRANDE', 11005, 110, 1, '2020-08-31 15:19:38', '2020-08-31 15:19:38'),
(1100505, 'JIRCAN', 11005, 110, 1, '2020-08-31 15:19:38', '2020-08-31 15:19:38'),
(1100506, 'MIRAFLORES', 11005, 110, 1, '2020-08-31 15:19:38', '2020-08-31 15:19:38'),
(1100507, 'MONZON', 11005, 110, 1, '2020-08-31 15:19:38', '2020-08-31 15:19:38'),
(1100508, 'PUNCHAO', 11005, 110, 1, '2020-08-31 15:19:38', '2020-08-31 15:19:38'),
(1100509, 'PUÑOS', 11005, 110, 1, '2020-08-31 15:19:38', '2020-08-31 15:19:38'),
(1100510, 'SINGA', 11005, 110, 1, '2020-08-31 15:19:38', '2020-08-31 15:19:38'),
(1100511, 'TANTAMAYO', 11005, 110, 1, '2020-08-31 15:19:38', '2020-08-31 15:19:38'),
(1100601, 'RUPA-RUPA', 11006, 110, 1, '2020-08-31 15:19:38', '2020-08-31 15:19:38'),
(1100602, 'DANIEL ALOMIA ROBLES', 11006, 110, 1, '2020-08-31 15:19:38', '2020-08-31 15:19:38'),
(1100603, 'HERMILIO VALDIZAN', 11006, 110, 1, '2020-08-31 15:19:38', '2020-08-31 15:19:38'),
(1100604, 'JOSE CRESPO Y CASTILLO', 11006, 110, 1, '2020-08-31 15:19:38', '2020-08-31 15:19:38'),
(1100605, 'LUYANDO', 11006, 110, 1, '2020-08-31 15:19:38', '2020-08-31 15:19:38'),
(1100606, 'MARIANO DAMASO BERAUN', 11006, 110, 1, '2020-08-31 15:19:38', '2020-08-31 15:19:38'),
(1100607, 'PUCAYACU', 11006, 110, 1, '2020-08-31 15:19:38', '2020-08-31 15:19:38'),
(1100608, 'CASTILLO GRANDE', 11006, 110, 1, '2020-08-31 15:19:38', '2020-08-31 15:19:38'),
(1100609, 'PUEBLO NUEVO', 11006, 110, 1, '2020-08-31 15:19:38', '2020-08-31 15:19:38'),
(1100610, 'SANTO DOMINGO DE ANDA', 11006, 110, 1, '2020-08-31 15:19:38', '2020-08-31 15:19:38'),
(1100701, 'HUACRACHUCO', 11007, 110, 1, '2020-08-31 15:19:38', '2020-08-31 15:19:38'),
(1100702, 'CHOLON', 11007, 110, 1, '2020-08-31 15:19:38', '2020-08-31 15:19:38'),
(1100703, 'SAN BUENAVENTURA', 11007, 110, 1, '2020-08-31 15:19:38', '2020-08-31 15:19:38'),
(1100704, 'LA MORADA', 11007, 110, 1, '2020-08-31 15:19:38', '2020-08-31 15:19:38'),
(1100705, 'SANTA ROSA DE ALTO YANAJANCA', 11007, 110, 1, '2020-08-31 15:19:38', '2020-08-31 15:19:38'),
(1100801, 'PANAO', 11008, 110, 1, '2020-08-31 15:19:38', '2020-08-31 15:19:38'),
(1100802, 'CHAGLLA', 11008, 110, 1, '2020-08-31 15:19:38', '2020-08-31 15:19:38'),
(1100803, 'MOLINO', 11008, 110, 1, '2020-08-31 15:19:38', '2020-08-31 15:19:38'),
(1100804, 'UMARI', 11008, 110, 1, '2020-08-31 15:19:38', '2020-08-31 15:19:38'),
(1100901, 'PUERTO INCA', 11009, 110, 1, '2020-08-31 15:19:38', '2020-08-31 15:19:38'),
(1100902, 'CODO DEL POZUZO', 11009, 110, 1, '2020-08-31 15:19:38', '2020-08-31 15:19:38'),
(1100903, 'HONORIA', 11009, 110, 1, '2020-08-31 15:19:38', '2020-08-31 15:19:38'),
(1100904, 'TOURNAVISTA', 11009, 110, 1, '2020-08-31 15:19:38', '2020-08-31 15:19:38'),
(1100905, 'YUYAPICHIS', 11009, 110, 1, '2020-08-31 15:19:38', '2020-08-31 15:19:38'),
(1101001, 'JESUS', 11010, 110, 1, '2020-08-31 15:19:38', '2020-08-31 15:19:38'),
(1101002, 'BAÑOS', 11010, 110, 1, '2020-08-31 15:19:38', '2020-08-31 15:19:38'),
(1101003, 'JIVIA', 11010, 110, 1, '2020-08-31 15:19:38', '2020-08-31 15:19:38'),
(1101004, 'QUEROPALCA', 11010, 110, 1, '2020-08-31 15:19:38', '2020-08-31 15:19:38'),
(1101005, 'RONDOS', 11010, 110, 1, '2020-08-31 15:19:38', '2020-08-31 15:19:38'),
(1101006, 'SAN FRANCISCO DE ASIS', 11010, 110, 1, '2020-08-31 15:19:38', '2020-08-31 15:19:38'),
(1101007, 'SAN MIGUEL DE CAURI', 11010, 110, 1, '2020-08-31 15:19:38', '2020-08-31 15:19:38'),
(1101101, 'CHAVINILLO', 11011, 110, 1, '2020-08-31 15:19:38', '2020-08-31 15:19:38'),
(1101102, 'CAHUAC', 11011, 110, 1, '2020-08-31 15:19:38', '2020-08-31 15:19:38'),
(1101103, 'CHACABAMBA', 11011, 110, 1, '2020-08-31 15:19:38', '2020-08-31 15:19:38'),
(1101104, 'APARICIO POMARES', 11011, 110, 1, '2020-08-31 15:19:38', '2020-08-31 15:19:38'),
(1101105, 'JACAS CHICO', 11011, 110, 1, '2020-08-31 15:19:38', '2020-08-31 15:19:38'),
(1101106, 'OBAS', 11011, 110, 1, '2020-08-31 15:19:38', '2020-08-31 15:19:38'),
(1101107, 'PAMPAMARCA', 11011, 110, 1, '2020-08-31 15:19:38', '2020-08-31 15:19:38'),
(1101108, 'CHORAS', 11011, 110, 1, '2020-08-31 15:19:38', '2020-08-31 15:19:38'),
(1110101, 'ICA', 11101, 111, 1, '2020-08-31 15:19:38', '2020-08-31 15:19:38'),
(1110102, 'LA TINGUIÑA', 11101, 111, 1, '2020-08-31 15:19:38', '2020-08-31 15:19:38'),
(1110103, 'LOS AQUIJES', 11101, 111, 1, '2020-08-31 15:19:38', '2020-08-31 15:19:38'),
(1110104, 'OCUCAJE', 11101, 111, 1, '2020-08-31 15:19:38', '2020-08-31 15:19:38'),
(1110105, 'PACHACUTEC', 11101, 111, 1, '2020-08-31 15:19:38', '2020-08-31 15:19:38'),
(1110106, 'PARCONA', 11101, 111, 1, '2020-08-31 15:19:38', '2020-08-31 15:19:38'),
(1110107, 'PUEBLO NUEVO', 11101, 111, 1, '2020-08-31 15:19:38', '2020-08-31 15:19:38'),
(1110108, 'SALAS', 11101, 111, 1, '2020-08-31 15:19:38', '2020-08-31 15:19:38'),
(1110109, 'SAN JOSE DE LOS MOLINOS', 11101, 111, 1, '2020-08-31 15:19:38', '2020-08-31 15:19:38'),
(1110110, 'SAN JUAN BAUTISTA', 11101, 111, 1, '2020-08-31 15:19:38', '2020-08-31 15:19:38'),
(1110111, 'SANTIAGO', 11101, 111, 1, '2020-08-31 15:19:38', '2020-08-31 15:19:38'),
(1110112, 'SUBTANJALLA', 11101, 111, 1, '2020-08-31 15:19:38', '2020-08-31 15:19:38'),
(1110113, 'TATE', 11101, 111, 1, '2020-08-31 15:19:38', '2020-08-31 15:19:38'),
(1110114, 'YAUCA DEL ROSARIO', 11101, 111, 1, '2020-08-31 15:19:38', '2020-08-31 15:19:38'),
(1110201, 'CHINCHA ALTA', 11102, 111, 1, '2020-08-31 15:19:38', '2020-08-31 15:19:38'),
(1110202, 'ALTO LARAN', 11102, 111, 1, '2020-08-31 15:19:38', '2020-08-31 15:19:38'),
(1110203, 'CHAVIN', 11102, 111, 1, '2020-08-31 15:19:38', '2020-08-31 15:19:38'),
(1110204, 'CHINCHA BAJA', 11102, 111, 1, '2020-08-31 15:19:38', '2020-08-31 15:19:38'),
(1110205, 'EL CARMEN', 11102, 111, 1, '2020-08-31 15:19:38', '2020-08-31 15:19:38'),
(1110206, 'GROCIO PRADO', 11102, 111, 1, '2020-08-31 15:19:38', '2020-08-31 15:19:38'),
(1110207, 'PUEBLO NUEVO', 11102, 111, 1, '2020-08-31 15:19:38', '2020-08-31 15:19:38'),
(1110208, 'SAN JUAN DE YANAC', 11102, 111, 1, '2020-08-31 15:19:38', '2020-08-31 15:19:38'),
(1110209, 'SAN PEDRO DE HUACARPANA', 11102, 111, 1, '2020-08-31 15:19:38', '2020-08-31 15:19:38'),
(1110210, 'SUNAMPE', 11102, 111, 1, '2020-08-31 15:19:38', '2020-08-31 15:19:38'),
(1110211, 'TAMBO DE MORA', 11102, 111, 1, '2020-08-31 15:19:38', '2020-08-31 15:19:38'),
(1110301, 'NASCA', 11103, 111, 1, '2020-08-31 15:19:38', '2020-08-31 15:19:38'),
(1110302, 'CHANGUILLO', 11103, 111, 1, '2020-08-31 15:19:38', '2020-08-31 15:19:38'),
(1110303, 'EL INGENIO', 11103, 111, 1, '2020-08-31 15:19:38', '2020-08-31 15:19:38'),
(1110304, 'MARCONA', 11103, 111, 1, '2020-08-31 15:19:38', '2020-08-31 15:19:38'),
(1110305, 'VISTA ALEGRE', 11103, 111, 1, '2020-08-31 15:19:38', '2020-08-31 15:19:38'),
(1110401, 'PALPA', 11104, 111, 1, '2020-08-31 15:19:38', '2020-08-31 15:19:38'),
(1110402, 'LLIPATA', 11104, 111, 1, '2020-08-31 15:19:38', '2020-08-31 15:19:38'),
(1110403, 'RIO GRANDE', 11104, 111, 1, '2020-08-31 15:19:38', '2020-08-31 15:19:38'),
(1110404, 'SANTA CRUZ', 11104, 111, 1, '2020-08-31 15:19:38', '2020-08-31 15:19:38'),
(1110405, 'TIBILLO', 11104, 111, 1, '2020-08-31 15:19:38', '2020-08-31 15:19:38'),
(1110501, 'PISCO', 11105, 111, 1, '2020-08-31 15:19:38', '2020-08-31 15:19:38'),
(1110502, 'HUANCANO', 11105, 111, 1, '2020-08-31 15:19:38', '2020-08-31 15:19:38'),
(1110503, 'HUMAY', 11105, 111, 1, '2020-08-31 15:19:38', '2020-08-31 15:19:38'),
(1110504, 'INDEPENDENCIA', 11105, 111, 1, '2020-08-31 15:19:38', '2020-08-31 15:19:38'),
(1110505, 'PARACAS', 11105, 111, 1, '2020-08-31 15:19:38', '2020-08-31 15:19:38'),
(1110506, 'SAN ANDRES', 11105, 111, 1, '2020-08-31 15:19:38', '2020-08-31 15:19:38'),
(1110507, 'SAN CLEMENTE', 11105, 111, 1, '2020-08-31 15:19:38', '2020-08-31 15:19:38'),
(1110508, 'TUPAC AMARU INCA', 11105, 111, 1, '2020-08-31 15:19:38', '2020-08-31 15:19:38'),
(1120101, 'HUANCAYO', 11201, 112, 1, '2020-08-31 15:19:38', '2020-08-31 15:19:38'),
(1120104, 'CARHUACALLANGA', 11201, 112, 1, '2020-08-31 15:19:38', '2020-08-31 15:19:38'),
(1120105, 'CHACAPAMPA', 11201, 112, 1, '2020-08-31 15:19:38', '2020-08-31 15:19:38'),
(1120106, 'CHICCHE', 11201, 112, 1, '2020-08-31 15:19:38', '2020-08-31 15:19:38'),
(1120107, 'CHILCA', 11201, 112, 1, '2020-08-31 15:19:38', '2020-08-31 15:19:38'),
(1120108, 'CHONGOS ALTO', 11201, 112, 1, '2020-08-31 15:19:38', '2020-08-31 15:19:38'),
(1120111, 'CHUPURO', 11201, 112, 1, '2020-08-31 15:19:38', '2020-08-31 15:19:38'),
(1120112, 'COLCA', 11201, 112, 1, '2020-08-31 15:19:38', '2020-08-31 15:19:38'),
(1120113, 'CULLHUAS', 11201, 112, 1, '2020-08-31 15:19:38', '2020-08-31 15:19:38'),
(1120114, 'EL TAMBO', 11201, 112, 1, '2020-08-31 15:19:38', '2020-08-31 15:19:38'),
(1120116, 'HUACRAPUQUIO', 11201, 112, 1, '2020-08-31 15:19:38', '2020-08-31 15:19:38'),
(1120117, 'HUALHUAS', 11201, 112, 1, '2020-08-31 15:19:38', '2020-08-31 15:19:38'),
(1120119, 'HUANCAN', 11201, 112, 1, '2020-08-31 15:19:38', '2020-08-31 15:19:38'),
(1120120, 'HUASICANCHA', 11201, 112, 1, '2020-08-31 15:19:38', '2020-08-31 15:19:38'),
(1120121, 'HUAYUCACHI', 11201, 112, 1, '2020-08-31 15:19:38', '2020-08-31 15:19:38'),
(1120122, 'INGENIO', 11201, 112, 1, '2020-08-31 15:19:38', '2020-08-31 15:19:38'),
(1120124, 'PARIAHUANCA', 11201, 112, 1, '2020-08-31 15:19:38', '2020-08-31 15:19:38'),
(1120125, 'PILCOMAYO', 11201, 112, 1, '2020-08-31 15:19:38', '2020-08-31 15:19:38'),
(1120126, 'PUCARA', 11201, 112, 1, '2020-08-31 15:19:38', '2020-08-31 15:19:38'),
(1120127, 'QUICHUAY', 11201, 112, 1, '2020-08-31 15:19:38', '2020-08-31 15:19:38'),
(1120128, 'QUILCAS', 11201, 112, 1, '2020-08-31 15:19:38', '2020-08-31 15:19:38'),
(1120129, 'SAN AGUSTÍN', 11201, 112, 1, '2020-08-31 15:19:38', '2020-08-31 15:19:38'),
(1120130, 'SAN JERONIMO DE TUNAN', 11201, 112, 1, '2020-08-31 15:19:38', '2020-08-31 15:19:38'),
(1120132, 'SAÑO', 11201, 112, 1, '2020-08-31 15:19:38', '2020-08-31 15:19:38'),
(1120133, 'SAPALLANGA', 11201, 112, 1, '2020-08-31 15:19:38', '2020-08-31 15:19:38'),
(1120134, 'SICAYA', 11201, 112, 1, '2020-08-31 15:19:38', '2020-08-31 15:19:38'),
(1120135, 'SANTO DOMINGO DE ACOBAMBA', 11201, 112, 1, '2020-08-31 15:19:38', '2020-08-31 15:19:38'),
(1120136, 'VIQUES', 11201, 112, 1, '2020-08-31 15:19:38', '2020-08-31 15:19:38'),
(1120201, 'CONCEPCIÓN', 11202, 112, 1, '2020-08-31 15:19:38', '2020-08-31 15:19:38'),
(1120202, 'ACO', 11202, 112, 1, '2020-08-31 15:19:38', '2020-08-31 15:19:38'),
(1120203, 'ANDAMARCA', 11202, 112, 1, '2020-08-31 15:19:38', '2020-08-31 15:19:38'),
(1120204, 'CHAMBARA', 11202, 112, 1, '2020-08-31 15:19:38', '2020-08-31 15:19:38'),
(1120205, 'COCHAS', 11202, 112, 1, '2020-08-31 15:19:38', '2020-08-31 15:19:38'),
(1120206, 'COMAS', 11202, 112, 1, '2020-08-31 15:19:38', '2020-08-31 15:19:38'),
(1120207, 'HEROÍNAS TOLEDO', 11202, 112, 1, '2020-08-31 15:19:38', '2020-08-31 15:19:38'),
(1120208, 'MANZANARES', 11202, 112, 1, '2020-08-31 15:19:38', '2020-08-31 15:19:38'),
(1120209, 'MARISCAL CASTILLA', 11202, 112, 1, '2020-08-31 15:19:38', '2020-08-31 15:19:38'),
(1120210, 'MATAHUASI', 11202, 112, 1, '2020-08-31 15:19:38', '2020-08-31 15:19:38'),
(1120211, 'MITO', 11202, 112, 1, '2020-08-31 15:19:38', '2020-08-31 15:19:38'),
(1120212, 'NUEVE DE JULIO', 11202, 112, 1, '2020-08-31 15:19:38', '2020-08-31 15:19:38'),
(1120213, 'ORCOTUNA', 11202, 112, 1, '2020-08-31 15:19:38', '2020-08-31 15:19:38'),
(1120214, 'SAN JOSE DE QUERO', 11202, 112, 1, '2020-08-31 15:19:38', '2020-08-31 15:19:38'),
(1120215, 'SANTA ROSA DE OCOPA', 11202, 112, 1, '2020-08-31 15:19:38', '2020-08-31 15:19:38'),
(1120301, 'CHANCHAMAYO', 11203, 112, 1, '2020-08-31 15:19:38', '2020-08-31 15:19:38'),
(1120302, 'PERENE', 11203, 112, 1, '2020-08-31 15:19:38', '2020-08-31 15:19:38'),
(1120303, 'PICHANAQUI', 11203, 112, 1, '2020-08-31 15:19:38', '2020-08-31 15:19:38'),
(1120304, 'SAN LUIS DE SHUARO', 11203, 112, 1, '2020-08-31 15:19:38', '2020-08-31 15:19:38'),
(1120305, 'SAN RAMÓN', 11203, 112, 1, '2020-08-31 15:19:38', '2020-08-31 15:19:38'),
(1120306, 'VITOC', 11203, 112, 1, '2020-08-31 15:19:38', '2020-08-31 15:19:38'),
(1120401, 'JAUJA', 11204, 112, 1, '2020-08-31 15:19:38', '2020-08-31 15:19:38'),
(1120402, 'ACOLLA', 11204, 112, 1, '2020-08-31 15:19:38', '2020-08-31 15:19:38'),
(1120403, 'APATA', 11204, 112, 1, '2020-08-31 15:19:38', '2020-08-31 15:19:38'),
(1120404, 'ATAURA', 11204, 112, 1, '2020-08-31 15:19:38', '2020-08-31 15:19:38'),
(1120405, 'CANCHAYLLO', 11204, 112, 1, '2020-08-31 15:19:38', '2020-08-31 15:19:38'),
(1120406, 'CURICACA', 11204, 112, 1, '2020-08-31 15:19:38', '2020-08-31 15:19:38'),
(1120407, 'EL MANTARO', 11204, 112, 1, '2020-08-31 15:19:38', '2020-08-31 15:19:38'),
(1120408, 'HUAMALI', 11204, 112, 1, '2020-08-31 15:19:38', '2020-08-31 15:19:38'),
(1120409, 'HUARIPAMPA', 11204, 112, 1, '2020-08-31 15:19:38', '2020-08-31 15:19:38'),
(1120410, 'HUERTAS', 11204, 112, 1, '2020-08-31 15:19:38', '2020-08-31 15:19:38'),
(1120411, 'JANJAILLO', 11204, 112, 1, '2020-08-31 15:19:38', '2020-08-31 15:19:38'),
(1120412, 'JULCÁN', 11204, 112, 1, '2020-08-31 15:19:38', '2020-08-31 15:19:38'),
(1120413, 'LEONOR ORDOÑEZ', 11204, 112, 1, '2020-08-31 15:19:38', '2020-08-31 15:19:38'),
(1120414, 'LLOCLLAPAMPA', 11204, 112, 1, '2020-08-31 15:19:38', '2020-08-31 15:19:38'),
(1120415, 'MARCO', 11204, 112, 1, '2020-08-31 15:19:38', '2020-08-31 15:19:38'),
(1120416, 'MASMA', 11204, 112, 1, '2020-08-31 15:19:38', '2020-08-31 15:19:38'),
(1120417, 'MASMA CHICCHE', 11204, 112, 1, '2020-08-31 15:19:38', '2020-08-31 15:19:38'),
(1120418, 'MOLINOS', 11204, 112, 1, '2020-08-31 15:19:38', '2020-08-31 15:19:38'),
(1120419, 'MONOBAMBA', 11204, 112, 1, '2020-08-31 15:19:38', '2020-08-31 15:19:38'),
(1120420, 'MUQUI', 11204, 112, 1, '2020-08-31 15:19:38', '2020-08-31 15:19:38'),
(1120421, 'MUQUIYAUYO', 11204, 112, 1, '2020-08-31 15:19:38', '2020-08-31 15:19:38'),
(1120422, 'PACA', 11204, 112, 1, '2020-08-31 15:19:38', '2020-08-31 15:19:38'),
(1120423, 'PACCHA', 11204, 112, 1, '2020-08-31 15:19:38', '2020-08-31 15:19:38'),
(1120424, 'PANCAN', 11204, 112, 1, '2020-08-31 15:19:38', '2020-08-31 15:19:38'),
(1120425, 'PARCO', 11204, 112, 1, '2020-08-31 15:19:38', '2020-08-31 15:19:38'),
(1120426, 'POMACANCHA', 11204, 112, 1, '2020-08-31 15:19:38', '2020-08-31 15:19:38'),
(1120427, 'RICRAN', 11204, 112, 1, '2020-08-31 15:19:38', '2020-08-31 15:19:38'),
(1120428, 'SAN LORENZO', 11204, 112, 1, '2020-08-31 15:19:38', '2020-08-31 15:19:38'),
(1120429, 'SAN PEDRO DE CHUNAN', 11204, 112, 1, '2020-08-31 15:19:38', '2020-08-31 15:19:38'),
(1120430, 'SAUSA', 11204, 112, 1, '2020-08-31 15:19:38', '2020-08-31 15:19:38'),
(1120431, 'SINCOS', 11204, 112, 1, '2020-08-31 15:19:38', '2020-08-31 15:19:38'),
(1120432, 'TUNAN MARCA', 11204, 112, 1, '2020-08-31 15:19:38', '2020-08-31 15:19:38'),
(1120433, 'YAULI', 11204, 112, 1, '2020-08-31 15:19:38', '2020-08-31 15:19:38'),
(1120434, 'YAUYOS', 11204, 112, 1, '2020-08-31 15:19:38', '2020-08-31 15:19:38'),
(1120501, 'JUNÍN', 11205, 112, 1, '2020-08-31 15:19:38', '2020-08-31 15:19:38'),
(1120502, 'CARHUAMAYO', 11205, 112, 1, '2020-08-31 15:19:38', '2020-08-31 15:19:38'),
(1120503, 'ONDORES', 11205, 112, 1, '2020-08-31 15:19:38', '2020-08-31 15:19:38'),
(1120504, 'ULCUMAYO', 11205, 112, 1, '2020-08-31 15:19:38', '2020-08-31 15:19:38'),
(1120601, 'SATIPO', 11206, 112, 1, '2020-08-31 15:19:38', '2020-08-31 15:19:38'),
(1120602, 'COVIRIALI', 11206, 112, 1, '2020-08-31 15:19:38', '2020-08-31 15:19:38'),
(1120603, 'LLAYLLA', 11206, 112, 1, '2020-08-31 15:19:38', '2020-08-31 15:19:38'),
(1120604, 'MAZAMARI', 11206, 112, 1, '2020-08-31 15:19:38', '2020-08-31 15:19:38'),
(1120605, 'PAMPA HERMOSA', 11206, 112, 1, '2020-08-31 15:19:38', '2020-08-31 15:19:38'),
(1120606, 'PANGOA', 11206, 112, 1, '2020-08-31 15:19:38', '2020-08-31 15:19:38'),
(1120607, 'RIO NEGRO', 11206, 112, 1, '2020-08-31 15:19:38', '2020-08-31 15:19:38'),
(1120608, 'RIO TAMBO', 11206, 112, 1, '2020-08-31 15:19:38', '2020-08-31 15:19:38'),
(1120609, 'VIZCATAN DEL ENE', 11206, 112, 1, '2020-08-31 15:19:38', '2020-08-31 15:19:38'),
(1120701, 'TARMA', 11207, 112, 1, '2020-08-31 15:19:38', '2020-08-31 15:19:38'),
(1120702, 'ACOBAMBA', 11207, 112, 1, '2020-08-31 15:19:38', '2020-08-31 15:19:38'),
(1120703, 'HUARICOLCA', 11207, 112, 1, '2020-08-31 15:19:38', '2020-08-31 15:19:38'),
(1120704, 'HUASAHUASI', 11207, 112, 1, '2020-08-31 15:19:38', '2020-08-31 15:19:38'),
(1120705, 'LA UNION', 11207, 112, 1, '2020-08-31 15:19:38', '2020-08-31 15:19:38'),
(1120706, 'PALCA', 11207, 112, 1, '2020-08-31 15:19:38', '2020-08-31 15:19:38'),
(1120707, 'PALCAMAYO', 11207, 112, 1, '2020-08-31 15:19:38', '2020-08-31 15:19:38'),
(1120708, 'SAN PEDRO DE CAJAS', 11207, 112, 1, '2020-08-31 15:19:38', '2020-08-31 15:19:38'),
(1120709, 'TAPO', 11207, 112, 1, '2020-08-31 15:19:38', '2020-08-31 15:19:38'),
(1120801, 'LA OROYA', 11208, 112, 1, '2020-08-31 15:19:38', '2020-08-31 15:19:38'),
(1120802, 'CHACAPALPA', 11208, 112, 1, '2020-08-31 15:19:38', '2020-08-31 15:19:38'),
(1120803, 'HUAY-HUAY', 11208, 112, 1, '2020-08-31 15:19:38', '2020-08-31 15:19:38'),
(1120804, 'MARCAPOMACOCHA', 11208, 112, 1, '2020-08-31 15:19:38', '2020-08-31 15:19:38'),
(1120805, 'MOROCOCHA', 11208, 112, 1, '2020-08-31 15:19:38', '2020-08-31 15:19:38'),
(1120806, 'PACCHA', 11208, 112, 1, '2020-08-31 15:19:38', '2020-08-31 15:19:38'),
(1120807, 'SANTA BÁRBARA DE CARHUACAYÁN', 11208, 112, 1, '2020-08-31 15:19:38', '2020-08-31 15:19:38'),
(1120808, 'SANTA ROSA DE SACCO', 11208, 112, 1, '2020-08-31 15:19:38', '2020-08-31 15:19:38'),
(1120809, 'SUITUCANCHA', 11208, 112, 1, '2020-08-31 15:19:38', '2020-08-31 15:19:38'),
(1120810, 'YAULI', 11208, 112, 1, '2020-08-31 15:19:38', '2020-08-31 15:19:38'),
(1120901, 'CHUPACA', 11209, 112, 1, '2020-08-31 15:19:38', '2020-08-31 15:19:38'),
(1120902, 'AHUAC', 11209, 112, 1, '2020-08-31 15:19:38', '2020-08-31 15:19:38'),
(1120903, 'CHONGOS BAJO', 11209, 112, 1, '2020-08-31 15:19:38', '2020-08-31 15:19:38'),
(1120904, 'HUACHAC', 11209, 112, 1, '2020-08-31 15:19:38', '2020-08-31 15:19:38'),
(1120905, 'HUAMANCACA CHICO', 11209, 112, 1, '2020-08-31 15:19:38', '2020-08-31 15:19:38'),
(1120906, 'SAN JUAN DE ISCOS', 11209, 112, 1, '2020-08-31 15:19:38', '2020-08-31 15:19:38'),
(1120907, 'SAN JUAN DE JARPA', 11209, 112, 1, '2020-08-31 15:19:38', '2020-08-31 15:19:38'),
(1120908, 'TRES DE DICIEMBRE', 11209, 112, 1, '2020-08-31 15:19:38', '2020-08-31 15:19:38'),
(1120909, 'YANACANCHA', 11209, 112, 1, '2020-08-31 15:19:38', '2020-08-31 15:19:38'),
(1130101, 'TRUJILLO', 11301, 113, 1, '2020-08-31 15:19:38', '2020-08-31 15:19:38'),
(1130102, 'EL PORVENIR', 11301, 113, 1, '2020-08-31 15:19:38', '2020-08-31 15:19:38'),
(1130103, 'FLORENCIA DE MORA', 11301, 113, 1, '2020-08-31 15:19:38', '2020-08-31 15:19:38'),
(1130104, 'HUANCHACO', 11301, 113, 1, '2020-08-31 15:19:38', '2020-08-31 15:19:38'),
(1130105, 'LA ESPERANZA', 11301, 113, 1, '2020-08-31 15:19:38', '2020-08-31 15:19:38'),
(1130106, 'LAREDO', 11301, 113, 1, '2020-08-31 15:19:38', '2020-08-31 15:19:38'),
(1130107, 'MOCHE', 11301, 113, 1, '2020-08-31 15:19:38', '2020-08-31 15:19:38'),
(1130108, 'POROTO', 11301, 113, 1, '2020-08-31 15:19:38', '2020-08-31 15:19:38'),
(1130109, 'SALAVERRY', 11301, 113, 1, '2020-08-31 15:19:38', '2020-08-31 15:19:38'),
(1130110, 'SIMBAL', 11301, 113, 1, '2020-08-31 15:19:38', '2020-08-31 15:19:38'),
(1130111, 'VICTOR LARCO HERRERA', 11301, 113, 1, '2020-08-31 15:19:38', '2020-08-31 15:19:38'),
(1130201, 'ASCOPE', 11302, 113, 1, '2020-08-31 15:19:38', '2020-08-31 15:19:38'),
(1130202, 'CHICAMA', 11302, 113, 1, '2020-08-31 15:19:38', '2020-08-31 15:19:38'),
(1130203, 'CHOCOPE', 11302, 113, 1, '2020-08-31 15:19:38', '2020-08-31 15:19:38'),
(1130204, 'MAGDALENA DE CAO', 11302, 113, 1, '2020-08-31 15:19:38', '2020-08-31 15:19:38'),
(1130205, 'PAIJÁN', 11302, 113, 1, '2020-08-31 15:19:38', '2020-08-31 15:19:38'),
(1130206, 'RAZURI', 11302, 113, 1, '2020-08-31 15:19:38', '2020-08-31 15:19:38'),
(1130207, 'SANTIAGO DE CAO', 11302, 113, 1, '2020-08-31 15:19:38', '2020-08-31 15:19:38'),
(1130208, 'CASA GRANDE', 11302, 113, 1, '2020-08-31 15:19:38', '2020-08-31 15:19:38'),
(1130301, 'BOLÍVAR', 11303, 113, 1, '2020-08-31 15:19:38', '2020-08-31 15:19:38'),
(1130302, 'BAMBAMARCA', 11303, 113, 1, '2020-08-31 15:19:38', '2020-08-31 15:19:38'),
(1130303, 'CONDORMARCA', 11303, 113, 1, '2020-08-31 15:19:38', '2020-08-31 15:19:38'),
(1130304, 'LONGOTEA', 11303, 113, 1, '2020-08-31 15:19:38', '2020-08-31 15:19:38'),
(1130305, 'UCHUMARCA', 11303, 113, 1, '2020-08-31 15:19:38', '2020-08-31 15:19:38'),
(1130306, 'UCUNCHA', 11303, 113, 1, '2020-08-31 15:19:38', '2020-08-31 15:19:38'),
(1130401, 'CHEPÉN', 11304, 113, 1, '2020-08-31 15:19:38', '2020-08-31 15:19:38'),
(1130402, 'PACANGA', 11304, 113, 1, '2020-08-31 15:19:38', '2020-08-31 15:19:38'),
(1130403, 'PUEBLO NUEVO', 11304, 113, 1, '2020-08-31 15:19:38', '2020-08-31 15:19:38'),
(1130501, 'JULCÁN', 11305, 113, 1, '2020-08-31 15:19:38', '2020-08-31 15:19:38'),
(1130502, 'CALAMARCA', 11305, 113, 1, '2020-08-31 15:19:38', '2020-08-31 15:19:38'),
(1130503, 'CARABAMBA', 11305, 113, 1, '2020-08-31 15:19:38', '2020-08-31 15:19:38'),
(1130504, 'HUASO', 11305, 113, 1, '2020-08-31 15:19:38', '2020-08-31 15:19:38'),
(1130601, 'OTUZCO', 11306, 113, 1, '2020-08-31 15:19:38', '2020-08-31 15:19:38'),
(1130602, 'AGALLPAMPA', 11306, 113, 1, '2020-08-31 15:19:38', '2020-08-31 15:19:38'),
(1130604, 'CHARAT', 11306, 113, 1, '2020-08-31 15:19:38', '2020-08-31 15:19:38'),
(1130605, 'HUARANCHAL', 11306, 113, 1, '2020-08-31 15:19:38', '2020-08-31 15:19:38'),
(1130606, 'LA CUESTA', 11306, 113, 1, '2020-08-31 15:19:38', '2020-08-31 15:19:38'),
(1130608, 'MACHE', 11306, 113, 1, '2020-08-31 15:19:38', '2020-08-31 15:19:38'),
(1130610, 'PARANDAY', 11306, 113, 1, '2020-08-31 15:19:38', '2020-08-31 15:19:38'),
(1130611, 'SALPO', 11306, 113, 1, '2020-08-31 15:19:38', '2020-08-31 15:19:38');
INSERT INTO `distritos` (`IDDISTRITO`, `DISTRITO`, `IDPROVINCIA`, `IDDEPARTAMENTO`, `IDPAIS`, `CREATED_AT`, `UPDATED_AT`) VALUES
(1130613, 'SINSICAP', 11306, 113, 1, '2020-08-31 15:19:38', '2020-08-31 15:19:38'),
(1130614, 'USQUIL', 11306, 113, 1, '2020-08-31 15:19:38', '2020-08-31 15:19:38'),
(1130701, 'SAN PEDRO DE LLOC', 11307, 113, 1, '2020-08-31 15:19:38', '2020-08-31 15:19:38'),
(1130702, 'GUADALUPE', 11307, 113, 1, '2020-08-31 15:19:38', '2020-08-31 15:19:38'),
(1130703, 'JEQUETEPEQUE', 11307, 113, 1, '2020-08-31 15:19:38', '2020-08-31 15:19:38'),
(1130704, 'PACASMAYO', 11307, 113, 1, '2020-08-31 15:19:38', '2020-08-31 15:19:38'),
(1130705, 'SAN JOSE', 11307, 113, 1, '2020-08-31 15:19:38', '2020-08-31 15:19:38'),
(1130801, 'TAYABAMBA', 11308, 113, 1, '2020-08-31 15:19:38', '2020-08-31 15:19:38'),
(1130802, 'BULDIBUYO', 11308, 113, 1, '2020-08-31 15:19:38', '2020-08-31 15:19:38'),
(1130803, 'CHILLIA', 11308, 113, 1, '2020-08-31 15:19:38', '2020-08-31 15:19:38'),
(1130804, 'HUANCASPATA', 11308, 113, 1, '2020-08-31 15:19:38', '2020-08-31 15:19:38'),
(1130805, 'HUAYLILLAS', 11308, 113, 1, '2020-08-31 15:19:38', '2020-08-31 15:19:38'),
(1130806, 'HUAYO', 11308, 113, 1, '2020-08-31 15:19:38', '2020-08-31 15:19:38'),
(1130807, 'ONGON', 11308, 113, 1, '2020-08-31 15:19:38', '2020-08-31 15:19:38'),
(1130808, 'PARCOY', 11308, 113, 1, '2020-08-31 15:19:38', '2020-08-31 15:19:38'),
(1130809, 'PATAZ', 11308, 113, 1, '2020-08-31 15:19:38', '2020-08-31 15:19:38'),
(1130810, 'PIAS', 11308, 113, 1, '2020-08-31 15:19:38', '2020-08-31 15:19:38'),
(1130811, 'SANTIAGO DE CHALLAS', 11308, 113, 1, '2020-08-31 15:19:38', '2020-08-31 15:19:38'),
(1130812, 'TAURIJA', 11308, 113, 1, '2020-08-31 15:19:38', '2020-08-31 15:19:38'),
(1130813, 'URPAY', 11308, 113, 1, '2020-08-31 15:19:38', '2020-08-31 15:19:38'),
(1130901, 'HUAMACHUCO', 11309, 113, 1, '2020-08-31 15:19:38', '2020-08-31 15:19:38'),
(1130902, 'CHUGAY', 11309, 113, 1, '2020-08-31 15:19:38', '2020-08-31 15:19:38'),
(1130903, 'COCHORCO', 11309, 113, 1, '2020-08-31 15:19:38', '2020-08-31 15:19:38'),
(1130904, 'CURGOS', 11309, 113, 1, '2020-08-31 15:19:38', '2020-08-31 15:19:38'),
(1130905, 'MARCABAL', 11309, 113, 1, '2020-08-31 15:19:38', '2020-08-31 15:19:38'),
(1130906, 'SANAGORAN', 11309, 113, 1, '2020-08-31 15:19:38', '2020-08-31 15:19:38'),
(1130907, 'SARIN', 11309, 113, 1, '2020-08-31 15:19:38', '2020-08-31 15:19:38'),
(1130908, 'SARTIMBAMBA', 11309, 113, 1, '2020-08-31 15:19:38', '2020-08-31 15:19:38'),
(1131001, 'SANTIAGO DE CHUCO', 11310, 113, 1, '2020-08-31 15:19:38', '2020-08-31 15:19:38'),
(1131002, 'ANGASMARCA', 11310, 113, 1, '2020-08-31 15:19:38', '2020-08-31 15:19:38'),
(1131003, 'CACHICADAN', 11310, 113, 1, '2020-08-31 15:19:38', '2020-08-31 15:19:38'),
(1131004, 'MOLLEBAMBA', 11310, 113, 1, '2020-08-31 15:19:38', '2020-08-31 15:19:38'),
(1131005, 'MOLLEPATA', 11310, 113, 1, '2020-08-31 15:19:38', '2020-08-31 15:19:38'),
(1131006, 'QUIRUVILCA', 11310, 113, 1, '2020-08-31 15:19:38', '2020-08-31 15:19:38'),
(1131007, 'SANTA CRUZ DE CHUCA', 11310, 113, 1, '2020-08-31 15:19:38', '2020-08-31 15:19:38'),
(1131008, 'SITABAMBA', 11310, 113, 1, '2020-08-31 15:19:38', '2020-08-31 15:19:38'),
(1131101, 'CASCAS', 11311, 113, 1, '2020-08-31 15:19:38', '2020-08-31 15:19:38'),
(1131102, 'LUCMA', 11311, 113, 1, '2020-08-31 15:19:38', '2020-08-31 15:19:38'),
(1131103, 'MARMOT', 11311, 113, 1, '2020-08-31 15:19:38', '2020-08-31 15:19:38'),
(1131104, 'SAYAPULLO', 11311, 113, 1, '2020-08-31 15:19:38', '2020-08-31 15:19:38'),
(1131201, 'VIRÚ', 11312, 113, 1, '2020-08-31 15:19:38', '2020-08-31 15:19:38'),
(1131202, 'CHAO', 11312, 113, 1, '2020-08-31 15:19:38', '2020-08-31 15:19:38'),
(1131203, 'GUADALUPITO', 11312, 113, 1, '2020-08-31 15:19:38', '2020-08-31 15:19:38'),
(1140101, 'CHICLAYO', 11401, 114, 1, '2020-08-31 15:19:38', '2020-08-31 15:19:38'),
(1140102, 'CHONGOYAPE', 11401, 114, 1, '2020-08-31 15:19:38', '2020-08-31 15:19:38'),
(1140103, 'ETEN', 11401, 114, 1, '2020-08-31 15:19:38', '2020-08-31 15:19:38'),
(1140104, 'ETEN PUERTO', 11401, 114, 1, '2020-08-31 15:19:38', '2020-08-31 15:19:38'),
(1140105, 'JOSE LEONARDO ORTIZ', 11401, 114, 1, '2020-08-31 15:19:38', '2020-08-31 15:19:38'),
(1140106, 'LA VICTORIA', 11401, 114, 1, '2020-08-31 15:19:38', '2020-08-31 15:19:38'),
(1140107, 'LAGUNAS', 11401, 114, 1, '2020-08-31 15:19:38', '2020-08-31 15:19:38'),
(1140108, 'MONSEFU', 11401, 114, 1, '2020-08-31 15:19:38', '2020-08-31 15:19:38'),
(1140109, 'NUEVA ARICA', 11401, 114, 1, '2020-08-31 15:19:38', '2020-08-31 15:19:38'),
(1140110, 'OYOTUN', 11401, 114, 1, '2020-08-31 15:19:38', '2020-08-31 15:19:38'),
(1140111, 'PICSI', 11401, 114, 1, '2020-08-31 15:19:38', '2020-08-31 15:19:38'),
(1140112, 'PIMENTEL', 11401, 114, 1, '2020-08-31 15:19:38', '2020-08-31 15:19:38'),
(1140113, 'REQUE', 11401, 114, 1, '2020-08-31 15:19:38', '2020-08-31 15:19:38'),
(1140114, 'SANTA ROSA', 11401, 114, 1, '2020-08-31 15:19:38', '2020-08-31 15:19:38'),
(1140115, 'SAÑA', 11401, 114, 1, '2020-08-31 15:19:38', '2020-08-31 15:19:38'),
(1140116, 'CAYALTI', 11401, 114, 1, '2020-08-31 15:19:38', '2020-08-31 15:19:38'),
(1140117, 'PATAPO', 11401, 114, 1, '2020-08-31 15:19:38', '2020-08-31 15:19:38'),
(1140118, 'POMALCA', 11401, 114, 1, '2020-08-31 15:19:38', '2020-08-31 15:19:38'),
(1140119, 'PUCALA', 11401, 114, 1, '2020-08-31 15:19:38', '2020-08-31 15:19:38'),
(1140120, 'TUMAN', 11401, 114, 1, '2020-08-31 15:19:38', '2020-08-31 15:19:38'),
(1140201, 'FERREÑAFE', 11402, 114, 1, '2020-08-31 15:19:38', '2020-08-31 15:19:38'),
(1140202, 'CAÑARIS', 11402, 114, 1, '2020-08-31 15:19:38', '2020-08-31 15:19:38'),
(1140203, 'INCAHUASI', 11402, 114, 1, '2020-08-31 15:19:38', '2020-08-31 15:19:38'),
(1140204, 'MANUEL ANTONIO MESONES MURO', 11402, 114, 1, '2020-08-31 15:19:38', '2020-08-31 15:19:38'),
(1140205, 'PITIPO', 11402, 114, 1, '2020-08-31 15:19:38', '2020-08-31 15:19:38'),
(1140206, 'PUEBLO NUEVO', 11402, 114, 1, '2020-08-31 15:19:38', '2020-08-31 15:19:38'),
(1140301, 'LAMBAYEQUE', 11403, 114, 1, '2020-08-31 15:19:38', '2020-08-31 15:19:38'),
(1140302, 'CHOCHOPE', 11403, 114, 1, '2020-08-31 15:19:38', '2020-08-31 15:19:38'),
(1140303, 'ILLIMO', 11403, 114, 1, '2020-08-31 15:19:38', '2020-08-31 15:19:38'),
(1140304, 'JAYANCA', 11403, 114, 1, '2020-08-31 15:19:38', '2020-08-31 15:19:38'),
(1140305, 'MOCHUMI', 11403, 114, 1, '2020-08-31 15:19:38', '2020-08-31 15:19:38'),
(1140306, 'MORROPE', 11403, 114, 1, '2020-08-31 15:19:38', '2020-08-31 15:19:38'),
(1140307, 'MOTUPE', 11403, 114, 1, '2020-08-31 15:19:38', '2020-08-31 15:19:38'),
(1140308, 'OLMOS', 11403, 114, 1, '2020-08-31 15:19:38', '2020-08-31 15:19:38'),
(1140309, 'PACORA', 11403, 114, 1, '2020-08-31 15:19:38', '2020-08-31 15:19:38'),
(1140310, 'SALAS', 11403, 114, 1, '2020-08-31 15:19:38', '2020-08-31 15:19:38'),
(1140311, 'SAN JOSE', 11403, 114, 1, '2020-08-31 15:19:38', '2020-08-31 15:19:38'),
(1140312, 'TUCUME', 11403, 114, 1, '2020-08-31 15:19:38', '2020-08-31 15:19:38'),
(1150101, 'LIMA', 11501, 115, 1, '2020-08-31 15:19:38', '2020-08-31 15:19:38'),
(1150102, 'ANCON', 11501, 115, 1, '2020-08-31 15:19:38', '2020-08-31 15:19:38'),
(1150103, 'ATE', 11501, 115, 1, '2020-08-31 15:19:38', '2020-08-31 15:19:38'),
(1150104, 'BARRANCO', 11501, 115, 1, '2020-08-31 15:19:38', '2020-08-31 15:19:38'),
(1150105, 'BREÑA', 11501, 115, 1, '2020-08-31 15:19:38', '2020-08-31 15:19:38'),
(1150106, 'CARABAYLLO', 11501, 115, 1, '2020-08-31 15:19:38', '2020-08-31 15:19:38'),
(1150107, 'CHACLACAYO', 11501, 115, 1, '2020-08-31 15:19:38', '2020-08-31 15:19:38'),
(1150108, 'CHORRILLOS', 11501, 115, 1, '2020-08-31 15:19:38', '2020-08-31 15:19:38'),
(1150109, 'CIENEGUILLA', 11501, 115, 1, '2020-08-31 15:19:38', '2020-08-31 15:19:38'),
(1150110, 'COMAS', 11501, 115, 1, '2020-08-31 15:19:38', '2020-08-31 15:19:38'),
(1150111, 'EL AGUSTINO', 11501, 115, 1, '2020-08-31 15:19:38', '2020-08-31 15:19:38'),
(1150112, 'INDEPENDENCIA', 11501, 115, 1, '2020-08-31 15:19:38', '2020-08-31 15:19:38'),
(1150113, 'JESUS MARIA', 11501, 115, 1, '2020-08-31 15:19:38', '2020-08-31 15:19:38'),
(1150114, 'LA MOLINA', 11501, 115, 1, '2020-08-31 15:19:38', '2020-08-31 15:19:38'),
(1150115, 'LA VICTORIA', 11501, 115, 1, '2020-08-31 15:19:38', '2020-08-31 15:19:38'),
(1150116, 'LINCE', 11501, 115, 1, '2020-08-31 15:19:38', '2020-08-31 15:19:38'),
(1150117, 'LOS OLIVOS', 11501, 115, 1, '2020-08-31 15:19:38', '2020-08-31 15:19:38'),
(1150118, 'LURIGANCHO', 11501, 115, 1, '2020-08-31 15:19:38', '2020-08-31 15:19:38'),
(1150119, 'LURIN', 11501, 115, 1, '2020-08-31 15:19:38', '2020-08-31 15:19:38'),
(1150120, 'MAGDALENA DEL MAR', 11501, 115, 1, '2020-08-31 15:19:38', '2020-08-31 15:19:38'),
(1150121, 'PUEBLO LIBRE', 11501, 115, 1, '2020-08-31 15:19:38', '2020-08-31 15:19:38'),
(1150122, 'MIRAFLORES', 11501, 115, 1, '2020-08-31 15:19:38', '2020-08-31 15:19:38'),
(1150123, 'PACHACAMAC', 11501, 115, 1, '2020-08-31 15:19:38', '2020-08-31 15:19:38'),
(1150124, 'PUCUSANA', 11501, 115, 1, '2020-08-31 15:19:38', '2020-08-31 15:19:38'),
(1150125, 'PUENTE PIEDRA', 11501, 115, 1, '2020-08-31 15:19:38', '2020-08-31 15:19:38'),
(1150126, 'PUNTA HERMOSA', 11501, 115, 1, '2020-08-31 15:19:38', '2020-08-31 15:19:38'),
(1150127, 'PUNTA NEGRA', 11501, 115, 1, '2020-08-31 15:19:38', '2020-08-31 15:19:38'),
(1150128, 'RIMAC', 11501, 115, 1, '2020-08-31 15:19:38', '2020-08-31 15:19:38'),
(1150129, 'SAN BARTOLO', 11501, 115, 1, '2020-08-31 15:19:38', '2020-08-31 15:19:38'),
(1150130, 'SAN BORJA', 11501, 115, 1, '2020-08-31 15:19:38', '2020-08-31 15:19:38'),
(1150131, 'SAN ISIDRO', 11501, 115, 1, '2020-08-31 15:19:38', '2020-08-31 15:19:38'),
(1150132, 'SAN JUAN DE LURIGANCHO', 11501, 115, 1, '2020-08-31 15:19:38', '2020-08-31 15:19:38'),
(1150133, 'SAN JUAN DE MIRAFLORES', 11501, 115, 1, '2020-08-31 15:19:38', '2020-08-31 15:19:38'),
(1150134, 'SAN LUIS', 11501, 115, 1, '2020-08-31 15:19:38', '2020-08-31 15:19:38'),
(1150135, 'SAN MARTIN DE PORRES', 11501, 115, 1, '2020-08-31 15:19:38', '2020-08-31 15:19:38'),
(1150136, 'SAN MIGUEL', 11501, 115, 1, '2020-08-31 15:19:38', '2020-08-31 15:19:38'),
(1150137, 'SANTA ANITA', 11501, 115, 1, '2020-08-31 15:19:38', '2020-08-31 15:19:38'),
(1150138, 'SANTA MARÍA DEL MAR', 11501, 115, 1, '2020-08-31 15:19:38', '2020-08-31 15:19:38'),
(1150139, 'SANTA ROSA', 11501, 115, 1, '2020-08-31 15:19:38', '2020-08-31 15:19:38'),
(1150140, 'SANTIAGO DE SURCO', 11501, 115, 1, '2020-08-31 15:19:38', '2020-08-31 15:19:38'),
(1150141, 'SURQUILLO', 11501, 115, 1, '2020-08-31 15:19:38', '2020-08-31 15:19:38'),
(1150142, 'VILLA EL SALVADOR', 11501, 115, 1, '2020-08-31 15:19:38', '2020-08-31 15:19:38'),
(1150143, 'VILLA MARIA DEL TRIUNFO', 11501, 115, 1, '2020-08-31 15:19:38', '2020-08-31 15:19:38'),
(1150201, 'BARRANCA', 11502, 115, 1, '2020-08-31 15:19:38', '2020-08-31 15:19:38'),
(1150202, 'PARAMONGA', 11502, 115, 1, '2020-08-31 15:19:38', '2020-08-31 15:19:38'),
(1150203, 'PATIVILCA', 11502, 115, 1, '2020-08-31 15:19:38', '2020-08-31 15:19:38'),
(1150204, 'SUPE', 11502, 115, 1, '2020-08-31 15:19:38', '2020-08-31 15:19:38'),
(1150205, 'SUPE PUERTO', 11502, 115, 1, '2020-08-31 15:19:38', '2020-08-31 15:19:38'),
(1150301, 'CAJATAMBO', 11503, 115, 1, '2020-08-31 15:19:38', '2020-08-31 15:19:38'),
(1150302, 'COPA', 11503, 115, 1, '2020-08-31 15:19:38', '2020-08-31 15:19:38'),
(1150303, 'GORGOR', 11503, 115, 1, '2020-08-31 15:19:38', '2020-08-31 15:19:38'),
(1150304, 'HUANCAPON', 11503, 115, 1, '2020-08-31 15:19:38', '2020-08-31 15:19:38'),
(1150305, 'MANAS', 11503, 115, 1, '2020-08-31 15:19:38', '2020-08-31 15:19:38'),
(1150401, 'CANTA', 11504, 115, 1, '2020-08-31 15:19:38', '2020-08-31 15:19:38'),
(1150402, 'ARAHUAY', 11504, 115, 1, '2020-08-31 15:19:38', '2020-08-31 15:19:38'),
(1150403, 'HUAMANTANGA', 11504, 115, 1, '2020-08-31 15:19:38', '2020-08-31 15:19:38'),
(1150404, 'HUAROS', 11504, 115, 1, '2020-08-31 15:19:38', '2020-08-31 15:19:38'),
(1150405, 'LACHAQUI', 11504, 115, 1, '2020-08-31 15:19:38', '2020-08-31 15:19:38'),
(1150406, 'SAN BUENAVENTURA', 11504, 115, 1, '2020-08-31 15:19:38', '2020-08-31 15:19:38'),
(1150407, 'SANTA ROSA DE QUIVES', 11504, 115, 1, '2020-08-31 15:19:38', '2020-08-31 15:19:38'),
(1150501, 'SAN VICENTE DE CAÑETE', 11505, 115, 1, '2020-08-31 15:19:38', '2020-08-31 15:19:38'),
(1150502, 'ASIA', 11505, 115, 1, '2020-08-31 15:19:38', '2020-08-31 15:19:38'),
(1150503, 'CALANGO', 11505, 115, 1, '2020-08-31 15:19:38', '2020-08-31 15:19:38'),
(1150504, 'CERRO AZUL', 11505, 115, 1, '2020-08-31 15:19:38', '2020-08-31 15:19:38'),
(1150505, 'CHILCA', 11505, 115, 1, '2020-08-31 15:19:38', '2020-08-31 15:19:38'),
(1150506, 'COAYLLO', 11505, 115, 1, '2020-08-31 15:19:38', '2020-08-31 15:19:38'),
(1150507, 'IMPERIAL', 11505, 115, 1, '2020-08-31 15:19:38', '2020-08-31 15:19:38'),
(1150508, 'LUNAHUANA', 11505, 115, 1, '2020-08-31 15:19:38', '2020-08-31 15:19:38'),
(1150509, 'MALA', 11505, 115, 1, '2020-08-31 15:19:38', '2020-08-31 15:19:38'),
(1150510, 'NUEVO IMPERIAL', 11505, 115, 1, '2020-08-31 15:19:38', '2020-08-31 15:19:38'),
(1150511, 'PACARAN', 11505, 115, 1, '2020-08-31 15:19:38', '2020-08-31 15:19:38'),
(1150512, 'QUILMANA', 11505, 115, 1, '2020-08-31 15:19:38', '2020-08-31 15:19:38'),
(1150513, 'SAN ANTONIO', 11505, 115, 1, '2020-08-31 15:19:38', '2020-08-31 15:19:38'),
(1150514, 'SAN LUIS', 11505, 115, 1, '2020-08-31 15:19:38', '2020-08-31 15:19:38'),
(1150515, 'SANTA CRUZ DE FLORES', 11505, 115, 1, '2020-08-31 15:19:38', '2020-08-31 15:19:38'),
(1150516, 'ZUÑIGA', 11505, 115, 1, '2020-08-31 15:19:38', '2020-08-31 15:19:38'),
(1150601, 'HUARAL', 11506, 115, 1, '2020-08-31 15:19:38', '2020-08-31 15:19:38'),
(1150602, 'ATAVILLOS ALTO', 11506, 115, 1, '2020-08-31 15:19:38', '2020-08-31 15:19:38'),
(1150603, 'ATAVILLOS BAJO', 11506, 115, 1, '2020-08-31 15:19:38', '2020-08-31 15:19:38'),
(1150604, 'AUCALLAMA', 11506, 115, 1, '2020-08-31 15:19:38', '2020-08-31 15:19:38'),
(1150605, 'CHANCAY', 11506, 115, 1, '2020-08-31 15:19:38', '2020-08-31 15:19:38'),
(1150606, 'IHUARI', 11506, 115, 1, '2020-08-31 15:19:38', '2020-08-31 15:19:38'),
(1150607, 'LAMPIAN', 11506, 115, 1, '2020-08-31 15:19:38', '2020-08-31 15:19:38'),
(1150608, 'PACARAOS', 11506, 115, 1, '2020-08-31 15:19:38', '2020-08-31 15:19:38'),
(1150609, 'SAN MIGUEL DE ACOS', 11506, 115, 1, '2020-08-31 15:19:38', '2020-08-31 15:19:38'),
(1150610, 'SANTA CRUZ DE ANDAMARCA', 11506, 115, 1, '2020-08-31 15:19:38', '2020-08-31 15:19:38'),
(1150611, 'SUMBILCA', 11506, 115, 1, '2020-08-31 15:19:38', '2020-08-31 15:19:38'),
(1150612, 'VEINTISIETE DE NOVIEMBRE', 11506, 115, 1, '2020-08-31 15:19:38', '2020-08-31 15:19:38'),
(1150701, 'MATUCANA', 11507, 115, 1, '2020-08-31 15:19:38', '2020-08-31 15:19:38'),
(1150702, 'ANTIOQUIA', 11507, 115, 1, '2020-08-31 15:19:38', '2020-08-31 15:19:38'),
(1150703, 'CALLAHUANCA', 11507, 115, 1, '2020-08-31 15:19:38', '2020-08-31 15:19:38'),
(1150704, 'CARAMPOMA', 11507, 115, 1, '2020-08-31 15:19:38', '2020-08-31 15:19:38'),
(1150705, 'CHICLA', 11507, 115, 1, '2020-08-31 15:19:38', '2020-08-31 15:19:38'),
(1150706, 'CUENCA', 11507, 115, 1, '2020-08-31 15:19:38', '2020-08-31 15:19:38'),
(1150707, 'HUACHUPAMPA', 11507, 115, 1, '2020-08-31 15:19:38', '2020-08-31 15:19:38'),
(1150708, 'HUANZA', 11507, 115, 1, '2020-08-31 15:19:38', '2020-08-31 15:19:38'),
(1150709, 'HUAROCHIRI', 11507, 115, 1, '2020-08-31 15:19:38', '2020-08-31 15:19:38'),
(1150710, 'LAHUAYTAMBO', 11507, 115, 1, '2020-08-31 15:19:38', '2020-08-31 15:19:38'),
(1150711, 'LANGA', 11507, 115, 1, '2020-08-31 15:19:38', '2020-08-31 15:19:38'),
(1150712, 'LARAOS', 11507, 115, 1, '2020-08-31 15:19:38', '2020-08-31 15:19:38'),
(1150713, 'MARIATANA', 11507, 115, 1, '2020-08-31 15:19:38', '2020-08-31 15:19:38'),
(1150714, 'RICARDO PALMA', 11507, 115, 1, '2020-08-31 15:19:38', '2020-08-31 15:19:38'),
(1150715, 'SAN ANDRES DE TUPICOCHA', 11507, 115, 1, '2020-08-31 15:19:38', '2020-08-31 15:19:38'),
(1150716, 'SAN ANTONIO', 11507, 115, 1, '2020-08-31 15:19:38', '2020-08-31 15:19:38'),
(1150717, 'SAN BARTOLOME', 11507, 115, 1, '2020-08-31 15:19:38', '2020-08-31 15:19:38'),
(1150718, 'SAN DAMIAN', 11507, 115, 1, '2020-08-31 15:19:38', '2020-08-31 15:19:38'),
(1150719, 'SAN JUAN DE IRIS', 11507, 115, 1, '2020-08-31 15:19:38', '2020-08-31 15:19:38'),
(1150720, 'SAN JUAN DE TANTARANCHE', 11507, 115, 1, '2020-08-31 15:19:38', '2020-08-31 15:19:38'),
(1150721, 'SAN LORENZO DE QUINTI', 11507, 115, 1, '2020-08-31 15:19:38', '2020-08-31 15:19:38'),
(1150722, 'SAN MATEO', 11507, 115, 1, '2020-08-31 15:19:38', '2020-08-31 15:19:38'),
(1150723, 'SAN MATEO DE OTAO', 11507, 115, 1, '2020-08-31 15:19:38', '2020-08-31 15:19:38'),
(1150724, 'SAN PEDRO DE CASTA', 11507, 115, 1, '2020-08-31 15:19:38', '2020-08-31 15:19:38'),
(1150725, 'SAN PEDRO DE HUANCAYRE', 11507, 115, 1, '2020-08-31 15:19:38', '2020-08-31 15:19:38'),
(1150726, 'SANGALLAYA', 11507, 115, 1, '2020-08-31 15:19:38', '2020-08-31 15:19:38'),
(1150727, 'SANTA CRUZ DE COCACHACRA', 11507, 115, 1, '2020-08-31 15:19:38', '2020-08-31 15:19:38'),
(1150728, 'SANTA EULALIA', 11507, 115, 1, '2020-08-31 15:19:38', '2020-08-31 15:19:38'),
(1150729, 'SANTIAGO DE ANCHUCAYA', 11507, 115, 1, '2020-08-31 15:19:38', '2020-08-31 15:19:38'),
(1150730, 'SANTIAGO DE TUNA', 11507, 115, 1, '2020-08-31 15:19:38', '2020-08-31 15:19:38'),
(1150731, 'SANTO DOMINGO DE LOS OLLEROS', 11507, 115, 1, '2020-08-31 15:19:38', '2020-08-31 15:19:38'),
(1150732, 'SURCO', 11507, 115, 1, '2020-08-31 15:19:38', '2020-08-31 15:19:38'),
(1150801, 'HUACHO', 11508, 115, 1, '2020-08-31 15:19:38', '2020-08-31 15:19:38'),
(1150802, 'AMBAR', 11508, 115, 1, '2020-08-31 15:19:38', '2020-08-31 15:19:38'),
(1150803, 'CALETA DE CARQUIN', 11508, 115, 1, '2020-08-31 15:19:38', '2020-08-31 15:19:38'),
(1150804, 'CHECRAS', 11508, 115, 1, '2020-08-31 15:19:38', '2020-08-31 15:19:38'),
(1150805, 'HUALMAY', 11508, 115, 1, '2020-08-31 15:19:38', '2020-08-31 15:19:38'),
(1150806, 'HUAURA', 11508, 115, 1, '2020-08-31 15:19:38', '2020-08-31 15:19:38'),
(1150807, 'LEONCIO PRADO', 11508, 115, 1, '2020-08-31 15:19:38', '2020-08-31 15:19:38'),
(1150808, 'PACCHO', 11508, 115, 1, '2020-08-31 15:19:38', '2020-08-31 15:19:38'),
(1150809, 'SANTA LEONOR', 11508, 115, 1, '2020-08-31 15:19:38', '2020-08-31 15:19:38'),
(1150810, 'SANTA MARÍA', 11508, 115, 1, '2020-08-31 15:19:38', '2020-08-31 15:19:38'),
(1150811, 'SAYAN', 11508, 115, 1, '2020-08-31 15:19:38', '2020-08-31 15:19:38'),
(1150812, 'VEGUETA', 11508, 115, 1, '2020-08-31 15:19:38', '2020-08-31 15:19:38'),
(1150901, 'OYÓN', 11509, 115, 1, '2020-08-31 15:19:38', '2020-08-31 15:19:38'),
(1150902, 'ANDAJES', 11509, 115, 1, '2020-08-31 15:19:38', '2020-08-31 15:19:38'),
(1150903, 'CAUJUL', 11509, 115, 1, '2020-08-31 15:19:38', '2020-08-31 15:19:38'),
(1150904, 'COCHAMARCA', 11509, 115, 1, '2020-08-31 15:19:38', '2020-08-31 15:19:38'),
(1150905, 'NAVAN', 11509, 115, 1, '2020-08-31 15:19:38', '2020-08-31 15:19:38'),
(1150906, 'PACHANGARA', 11509, 115, 1, '2020-08-31 15:19:38', '2020-08-31 15:19:38'),
(1151001, 'YAUYOS', 11510, 115, 1, '2020-08-31 15:19:38', '2020-08-31 15:19:38'),
(1151002, 'ALIS', 11510, 115, 1, '2020-08-31 15:19:38', '2020-08-31 15:19:38'),
(1151003, 'ALLAUCA', 11510, 115, 1, '2020-08-31 15:19:38', '2020-08-31 15:19:38'),
(1151004, 'AYAVIRI', 11510, 115, 1, '2020-08-31 15:19:38', '2020-08-31 15:19:38'),
(1151005, 'AZÁNGARO', 11510, 115, 1, '2020-08-31 15:19:38', '2020-08-31 15:19:38'),
(1151006, 'CACRA', 11510, 115, 1, '2020-08-31 15:19:38', '2020-08-31 15:19:38'),
(1151007, 'CARANIA', 11510, 115, 1, '2020-08-31 15:19:38', '2020-08-31 15:19:38'),
(1151008, 'CATAHUASI', 11510, 115, 1, '2020-08-31 15:19:38', '2020-08-31 15:19:38'),
(1151009, 'CHOCOS', 11510, 115, 1, '2020-08-31 15:19:38', '2020-08-31 15:19:38'),
(1151010, 'COCHAS', 11510, 115, 1, '2020-08-31 15:19:38', '2020-08-31 15:19:38'),
(1151011, 'COLONIA', 11510, 115, 1, '2020-08-31 15:19:38', '2020-08-31 15:19:38'),
(1151012, 'HONGOS', 11510, 115, 1, '2020-08-31 15:19:38', '2020-08-31 15:19:38'),
(1151013, 'HUAMPARA', 11510, 115, 1, '2020-08-31 15:19:38', '2020-08-31 15:19:38'),
(1151014, 'HUANCAYA', 11510, 115, 1, '2020-08-31 15:19:38', '2020-08-31 15:19:38'),
(1151015, 'HUANGASCAR', 11510, 115, 1, '2020-08-31 15:19:38', '2020-08-31 15:19:38'),
(1151016, 'HUANTAN', 11510, 115, 1, '2020-08-31 15:19:38', '2020-08-31 15:19:38'),
(1151017, 'HUAÑEC', 11510, 115, 1, '2020-08-31 15:19:38', '2020-08-31 15:19:38'),
(1151018, 'LARAOS', 11510, 115, 1, '2020-08-31 15:19:38', '2020-08-31 15:19:38'),
(1151019, 'LINCHA', 11510, 115, 1, '2020-08-31 15:19:38', '2020-08-31 15:19:38'),
(1151020, 'MADEAN', 11510, 115, 1, '2020-08-31 15:19:38', '2020-08-31 15:19:38'),
(1151021, 'MIRAFLORES', 11510, 115, 1, '2020-08-31 15:19:38', '2020-08-31 15:19:38'),
(1151022, 'OMAS', 11510, 115, 1, '2020-08-31 15:19:38', '2020-08-31 15:19:38'),
(1151023, 'PUTINZA', 11510, 115, 1, '2020-08-31 15:19:38', '2020-08-31 15:19:38'),
(1151024, 'QUINCHES', 11510, 115, 1, '2020-08-31 15:19:38', '2020-08-31 15:19:38'),
(1151025, 'QUINOCAY', 11510, 115, 1, '2020-08-31 15:19:38', '2020-08-31 15:19:38'),
(1151026, 'SAN JOAQUÍN', 11510, 115, 1, '2020-08-31 15:19:38', '2020-08-31 15:19:38'),
(1151027, 'SAN PEDRO DE PILAS', 11510, 115, 1, '2020-08-31 15:19:38', '2020-08-31 15:19:38'),
(1151028, 'TANTA', 11510, 115, 1, '2020-08-31 15:19:38', '2020-08-31 15:19:38'),
(1151029, 'TAURIPAMPA', 11510, 115, 1, '2020-08-31 15:19:38', '2020-08-31 15:19:38'),
(1151030, 'TOMAS', 11510, 115, 1, '2020-08-31 15:19:38', '2020-08-31 15:19:38'),
(1151031, 'TUPE', 11510, 115, 1, '2020-08-31 15:19:38', '2020-08-31 15:19:38'),
(1151032, 'VIÑAC', 11510, 115, 1, '2020-08-31 15:19:38', '2020-08-31 15:19:38'),
(1151033, 'VITIS', 11510, 115, 1, '2020-08-31 15:19:38', '2020-08-31 15:19:38'),
(1160101, 'IQUITOS', 11601, 116, 1, '2020-08-31 15:19:38', '2020-08-31 15:19:38'),
(1160102, 'ALTO NANAY', 11601, 116, 1, '2020-08-31 15:19:38', '2020-08-31 15:19:38'),
(1160103, 'FERNANDO LORES', 11601, 116, 1, '2020-08-31 15:19:38', '2020-08-31 15:19:38'),
(1160104, 'INDIANA', 11601, 116, 1, '2020-08-31 15:19:38', '2020-08-31 15:19:38'),
(1160105, 'LAS AMAZONAS', 11601, 116, 1, '2020-08-31 15:19:38', '2020-08-31 15:19:38'),
(1160106, 'MAZAN', 11601, 116, 1, '2020-08-31 15:19:38', '2020-08-31 15:19:38'),
(1160107, 'NAPO', 11601, 116, 1, '2020-08-31 15:19:38', '2020-08-31 15:19:38'),
(1160108, 'PUNCHANA', 11601, 116, 1, '2020-08-31 15:19:38', '2020-08-31 15:19:38'),
(1160110, 'TORRES CAUSANA', 11601, 116, 1, '2020-08-31 15:19:38', '2020-08-31 15:19:38'),
(1160112, 'BELEN', 11601, 116, 1, '2020-08-31 15:19:38', '2020-08-31 15:19:38'),
(1160113, 'SAN JUAN BAUTISTA', 11601, 116, 1, '2020-08-31 15:19:38', '2020-08-31 15:19:38'),
(1160201, 'YURIMAGUAS', 11602, 116, 1, '2020-08-31 15:19:38', '2020-08-31 15:19:38'),
(1160202, 'BALSAPUERTO', 11602, 116, 1, '2020-08-31 15:19:38', '2020-08-31 15:19:38'),
(1160205, 'JEBEROS', 11602, 116, 1, '2020-08-31 15:19:38', '2020-08-31 15:19:38'),
(1160206, 'LAGUNAS', 11602, 116, 1, '2020-08-31 15:19:38', '2020-08-31 15:19:38'),
(1160210, 'SANTA CRUZ', 11602, 116, 1, '2020-08-31 15:19:38', '2020-08-31 15:19:38'),
(1160211, 'TENIENTE CESAR LOPEZ ROJAS', 11602, 116, 1, '2020-08-31 15:19:38', '2020-08-31 15:19:38'),
(1160301, 'NAUTA', 11603, 116, 1, '2020-08-31 15:19:38', '2020-08-31 15:19:38'),
(1160302, 'PARINARI', 11603, 116, 1, '2020-08-31 15:19:38', '2020-08-31 15:19:38'),
(1160303, 'TIGRE', 11603, 116, 1, '2020-08-31 15:19:38', '2020-08-31 15:19:38'),
(1160304, 'TROMPETEROS', 11603, 116, 1, '2020-08-31 15:19:38', '2020-08-31 15:19:38'),
(1160305, 'URARINAS', 11603, 116, 1, '2020-08-31 15:19:38', '2020-08-31 15:19:38'),
(1160401, 'RAMÓN CASTILLA', 11604, 116, 1, '2020-08-31 15:19:38', '2020-08-31 15:19:38'),
(1160402, 'PEBAS', 11604, 116, 1, '2020-08-31 15:19:38', '2020-08-31 15:19:38'),
(1160403, 'YAVARI', 11604, 116, 1, '2020-08-31 15:19:38', '2020-08-31 15:19:38'),
(1160404, 'SAN PABLO', 11604, 116, 1, '2020-08-31 15:19:38', '2020-08-31 15:19:38'),
(1160501, 'REQUENA', 11605, 116, 1, '2020-08-31 15:19:38', '2020-08-31 15:19:38'),
(1160502, 'ALTO TAPICHE', 11605, 116, 1, '2020-08-31 15:19:38', '2020-08-31 15:19:38'),
(1160503, 'CAPELO', 11605, 116, 1, '2020-08-31 15:19:38', '2020-08-31 15:19:38'),
(1160504, 'EMILIO SAN MARTÍN', 11605, 116, 1, '2020-08-31 15:19:38', '2020-08-31 15:19:38'),
(1160505, 'MAQUIA', 11605, 116, 1, '2020-08-31 15:19:38', '2020-08-31 15:19:38'),
(1160506, 'PUINAHUA', 11605, 116, 1, '2020-08-31 15:19:38', '2020-08-31 15:19:38'),
(1160507, 'SAQUENA', 11605, 116, 1, '2020-08-31 15:19:38', '2020-08-31 15:19:38'),
(1160508, 'SOPLIN', 11605, 116, 1, '2020-08-31 15:19:38', '2020-08-31 15:19:38'),
(1160509, 'TAPICHE', 11605, 116, 1, '2020-08-31 15:19:38', '2020-08-31 15:19:38'),
(1160510, 'JENARO HERRERA', 11605, 116, 1, '2020-08-31 15:19:38', '2020-08-31 15:19:38'),
(1160511, 'YAQUERANA', 11605, 116, 1, '2020-08-31 15:19:38', '2020-08-31 15:19:38'),
(1160601, 'CONTAMANA', 11606, 116, 1, '2020-08-31 15:19:38', '2020-08-31 15:19:38'),
(1160602, 'INAHUAYA', 11606, 116, 1, '2020-08-31 15:19:38', '2020-08-31 15:19:38'),
(1160603, 'PADRE MARQUEZ', 11606, 116, 1, '2020-08-31 15:19:38', '2020-08-31 15:19:38'),
(1160604, 'PAMPA HERMOSA', 11606, 116, 1, '2020-08-31 15:19:38', '2020-08-31 15:19:38'),
(1160605, 'SARAYACU', 11606, 116, 1, '2020-08-31 15:19:38', '2020-08-31 15:19:38'),
(1160606, 'VARGAS GUERRA', 11606, 116, 1, '2020-08-31 15:19:38', '2020-08-31 15:19:38'),
(1160701, 'BARRANCA', 11607, 116, 1, '2020-08-31 15:19:38', '2020-08-31 15:19:38'),
(1160702, 'CAHUAPANAS', 11607, 116, 1, '2020-08-31 15:19:38', '2020-08-31 15:19:38'),
(1160703, 'MANSERICHE', 11607, 116, 1, '2020-08-31 15:19:38', '2020-08-31 15:19:38'),
(1160704, 'MORONA', 11607, 116, 1, '2020-08-31 15:19:38', '2020-08-31 15:19:38'),
(1160705, 'PASTAZA', 11607, 116, 1, '2020-08-31 15:19:38', '2020-08-31 15:19:38'),
(1160706, 'ANDOAS', 11607, 116, 1, '2020-08-31 15:19:38', '2020-08-31 15:19:38'),
(1160801, 'PUTUMAYO', 11608, 116, 1, '2020-08-31 15:19:38', '2020-08-31 15:19:38'),
(1160802, 'ROSA PANDURO', 11608, 116, 1, '2020-08-31 15:19:38', '2020-08-31 15:19:38'),
(1160803, 'TENIENTE MANUEL CLAVERO', 11608, 116, 1, '2020-08-31 15:19:38', '2020-08-31 15:19:38'),
(1160804, 'YAGUAS', 11608, 116, 1, '2020-08-31 15:19:38', '2020-08-31 15:19:38'),
(1170101, 'TAMBOPATA', 11701, 117, 1, '2020-08-31 15:19:38', '2020-08-31 15:19:38'),
(1170102, 'INAMBARI', 11701, 117, 1, '2020-08-31 15:19:38', '2020-08-31 15:19:38'),
(1170103, 'LAS PIEDRAS', 11701, 117, 1, '2020-08-31 15:19:38', '2020-08-31 15:19:38'),
(1170104, 'LABERINTO', 11701, 117, 1, '2020-08-31 15:19:38', '2020-08-31 15:19:38'),
(1170201, 'MANU', 11702, 117, 1, '2020-08-31 15:19:38', '2020-08-31 15:19:38'),
(1170202, 'FITZCARRALD', 11702, 117, 1, '2020-08-31 15:19:38', '2020-08-31 15:19:38'),
(1170203, 'MADRE DE DIOS', 11702, 117, 1, '2020-08-31 15:19:38', '2020-08-31 15:19:38'),
(1170204, 'HUEPETUHE', 11702, 117, 1, '2020-08-31 15:19:38', '2020-08-31 15:19:38'),
(1170301, 'IÑAPARI', 11703, 117, 1, '2020-08-31 15:19:38', '2020-08-31 15:19:38'),
(1170302, 'IBERIA', 11703, 117, 1, '2020-08-31 15:19:38', '2020-08-31 15:19:38'),
(1170303, 'TAHUAMANU', 11703, 117, 1, '2020-08-31 15:19:38', '2020-08-31 15:19:38'),
(1180101, 'MOQUEGUA', 11801, 118, 1, '2020-08-31 15:19:38', '2020-08-31 15:19:38'),
(1180102, 'CARUMAS', 11801, 118, 1, '2020-08-31 15:19:38', '2020-08-31 15:19:38'),
(1180103, 'CUCHUMBAYA', 11801, 118, 1, '2020-08-31 15:19:38', '2020-08-31 15:19:38'),
(1180104, 'SAMEGUA', 11801, 118, 1, '2020-08-31 15:19:38', '2020-08-31 15:19:38'),
(1180105, 'SAN CRISTOBAL', 11801, 118, 1, '2020-08-31 15:19:38', '2020-08-31 15:19:38'),
(1180106, 'TORATA', 11801, 118, 1, '2020-08-31 15:19:38', '2020-08-31 15:19:38'),
(1180201, 'OMATE', 11802, 118, 1, '2020-08-31 15:19:38', '2020-08-31 15:19:38'),
(1180202, 'CHOJATA', 11802, 118, 1, '2020-08-31 15:19:38', '2020-08-31 15:19:38'),
(1180203, 'COALAQUE', 11802, 118, 1, '2020-08-31 15:19:38', '2020-08-31 15:19:38'),
(1180204, 'ICHUÑA', 11802, 118, 1, '2020-08-31 15:19:38', '2020-08-31 15:19:38'),
(1180205, 'LA CAPILLA', 11802, 118, 1, '2020-08-31 15:19:38', '2020-08-31 15:19:38'),
(1180206, 'LLOQUE', 11802, 118, 1, '2020-08-31 15:19:38', '2020-08-31 15:19:38'),
(1180207, 'MATALAQUE', 11802, 118, 1, '2020-08-31 15:19:38', '2020-08-31 15:19:38'),
(1180208, 'PUQUINA', 11802, 118, 1, '2020-08-31 15:19:38', '2020-08-31 15:19:38'),
(1180209, 'QUINISTAQUILLAS', 11802, 118, 1, '2020-08-31 15:19:38', '2020-08-31 15:19:38'),
(1180210, 'UBINAS', 11802, 118, 1, '2020-08-31 15:19:38', '2020-08-31 15:19:38'),
(1180211, 'YUNGA', 11802, 118, 1, '2020-08-31 15:19:38', '2020-08-31 15:19:38'),
(1180301, 'ILO', 11803, 118, 1, '2020-08-31 15:19:38', '2020-08-31 15:19:38'),
(1180302, 'EL ALGARROBAL', 11803, 118, 1, '2020-08-31 15:19:38', '2020-08-31 15:19:38'),
(1180303, 'PACOCHA', 11803, 118, 1, '2020-08-31 15:19:38', '2020-08-31 15:19:38'),
(1190101, 'CHAUPIMARCA', 11901, 119, 1, '2020-08-31 15:19:38', '2020-08-31 15:19:38'),
(1190102, 'HUACHON', 11901, 119, 1, '2020-08-31 15:19:38', '2020-08-31 15:19:38'),
(1190103, 'HUARIACA', 11901, 119, 1, '2020-08-31 15:19:38', '2020-08-31 15:19:38'),
(1190104, 'HUAYLLAY', 11901, 119, 1, '2020-08-31 15:19:38', '2020-08-31 15:19:38'),
(1190105, 'NINACACA', 11901, 119, 1, '2020-08-31 15:19:38', '2020-08-31 15:19:38'),
(1190106, 'PALLANCHACRA', 11901, 119, 1, '2020-08-31 15:19:38', '2020-08-31 15:19:38'),
(1190107, 'PAUCARTAMBO', 11901, 119, 1, '2020-08-31 15:19:38', '2020-08-31 15:19:38'),
(1190108, 'SAN FRANCISCO DE ASIS DE YARUSYACAN', 11901, 119, 1, '2020-08-31 15:19:38', '2020-08-31 15:19:38'),
(1190109, 'SIMON BOLIVAR', 11901, 119, 1, '2020-08-31 15:19:38', '2020-08-31 15:19:38'),
(1190110, 'TICLACAYAN', 11901, 119, 1, '2020-08-31 15:19:38', '2020-08-31 15:19:38'),
(1190111, 'TINYAHUARCO', 11901, 119, 1, '2020-08-31 15:19:38', '2020-08-31 15:19:38'),
(1190112, 'VICCO', 11901, 119, 1, '2020-08-31 15:19:38', '2020-08-31 15:19:38'),
(1190113, 'YANACANCHA', 11901, 119, 1, '2020-08-31 15:19:38', '2020-08-31 15:19:38'),
(1190201, 'YANAHUANCA', 11902, 119, 1, '2020-08-31 15:19:38', '2020-08-31 15:19:38'),
(1190202, 'CHACAYAN', 11902, 119, 1, '2020-08-31 15:19:38', '2020-08-31 15:19:38'),
(1190203, 'GOYLLARISQUIZGA', 11902, 119, 1, '2020-08-31 15:19:38', '2020-08-31 15:19:38'),
(1190204, 'PAUCAR', 11902, 119, 1, '2020-08-31 15:19:38', '2020-08-31 15:19:38'),
(1190205, 'SAN PEDRO DE PILLAO', 11902, 119, 1, '2020-08-31 15:19:38', '2020-08-31 15:19:38'),
(1190206, 'SANTA ANA DE TUSI', 11902, 119, 1, '2020-08-31 15:19:38', '2020-08-31 15:19:38'),
(1190207, 'TAPUC', 11902, 119, 1, '2020-08-31 15:19:38', '2020-08-31 15:19:38'),
(1190208, 'VILCABAMBA', 11902, 119, 1, '2020-08-31 15:19:38', '2020-08-31 15:19:38'),
(1190301, 'OXAPAMPA', 11903, 119, 1, '2020-08-31 15:19:38', '2020-08-31 15:19:38'),
(1190302, 'CHONTABAMBA', 11903, 119, 1, '2020-08-31 15:19:38', '2020-08-31 15:19:38'),
(1190303, 'HUANCABAMBA', 11903, 119, 1, '2020-08-31 15:19:38', '2020-08-31 15:19:38'),
(1190304, 'PALCAZU', 11903, 119, 1, '2020-08-31 15:19:38', '2020-08-31 15:19:38'),
(1190305, 'POZUZO', 11903, 119, 1, '2020-08-31 15:19:38', '2020-08-31 15:19:38'),
(1190306, 'PUERTO BERMUDEZ', 11903, 119, 1, '2020-08-31 15:19:38', '2020-08-31 15:19:38'),
(1190307, 'VILLA RICA', 11903, 119, 1, '2020-08-31 15:19:38', '2020-08-31 15:19:38'),
(1190308, 'CONSTITUCIÓN', 11903, 119, 1, '2020-08-31 15:19:38', '2020-08-31 15:19:38'),
(1200101, 'PIURA', 12001, 120, 1, '2020-08-31 15:19:38', '2020-08-31 15:19:38'),
(1200104, 'CASTILLA', 12001, 120, 1, '2020-08-31 15:19:38', '2020-08-31 15:19:38'),
(1200105, 'CATACAOS', 12001, 120, 1, '2020-08-31 15:19:38', '2020-08-31 15:19:38'),
(1200107, 'CURA MORI', 12001, 120, 1, '2020-08-31 15:19:38', '2020-08-31 15:19:38'),
(1200108, 'EL TALLAN', 12001, 120, 1, '2020-08-31 15:19:38', '2020-08-31 15:19:38'),
(1200109, 'LA ARENA', 12001, 120, 1, '2020-08-31 15:19:38', '2020-08-31 15:19:38'),
(1200110, 'LA UNION', 12001, 120, 1, '2020-08-31 15:19:38', '2020-08-31 15:19:38'),
(1200111, 'LAS LOMAS', 12001, 120, 1, '2020-08-31 15:19:38', '2020-08-31 15:19:38'),
(1200114, 'TAMBO GRANDE', 12001, 120, 1, '2020-08-31 15:19:38', '2020-08-31 15:19:38'),
(1200115, 'VEINTISÉIS DE OCTUBRE', 12001, 120, 1, '2020-08-31 15:19:38', '2020-08-31 15:19:38'),
(1200201, 'AYABACA', 12002, 120, 1, '2020-08-31 15:19:38', '2020-08-31 15:19:38'),
(1200202, 'FRIAS', 12002, 120, 1, '2020-08-31 15:19:38', '2020-08-31 15:19:38'),
(1200203, 'JILILI', 12002, 120, 1, '2020-08-31 15:19:38', '2020-08-31 15:19:38'),
(1200204, 'LAGUNAS', 12002, 120, 1, '2020-08-31 15:19:38', '2020-08-31 15:19:38'),
(1200205, 'MONTERO', 12002, 120, 1, '2020-08-31 15:19:38', '2020-08-31 15:19:38'),
(1200206, 'PACAIPAMPA', 12002, 120, 1, '2020-08-31 15:19:38', '2020-08-31 15:19:38'),
(1200207, 'PAIMAS', 12002, 120, 1, '2020-08-31 15:19:38', '2020-08-31 15:19:38'),
(1200208, 'SAPILLICA', 12002, 120, 1, '2020-08-31 15:19:38', '2020-08-31 15:19:38'),
(1200209, 'SICCHEZ', 12002, 120, 1, '2020-08-31 15:19:38', '2020-08-31 15:19:38'),
(1200210, 'SUYO', 12002, 120, 1, '2020-08-31 15:19:38', '2020-08-31 15:19:38'),
(1200301, 'HUANCABAMBA', 12003, 120, 1, '2020-08-31 15:19:38', '2020-08-31 15:19:38'),
(1200302, 'CANCHAQUE', 12003, 120, 1, '2020-08-31 15:19:38', '2020-08-31 15:19:38'),
(1200303, 'EL CARMEN DE LA FRONTERA', 12003, 120, 1, '2020-08-31 15:19:38', '2020-08-31 15:19:38'),
(1200304, 'HUARMACA', 12003, 120, 1, '2020-08-31 15:19:38', '2020-08-31 15:19:38'),
(1200305, 'LALAQUIZ', 12003, 120, 1, '2020-08-31 15:19:38', '2020-08-31 15:19:38'),
(1200306, 'SAN MIGUEL DE EL FAIQUE', 12003, 120, 1, '2020-08-31 15:19:38', '2020-08-31 15:19:38'),
(1200307, 'SONDOR', 12003, 120, 1, '2020-08-31 15:19:38', '2020-08-31 15:19:38'),
(1200308, 'SONDORILLO', 12003, 120, 1, '2020-08-31 15:19:38', '2020-08-31 15:19:38'),
(1200401, 'CHULUCANAS', 12004, 120, 1, '2020-08-31 15:19:38', '2020-08-31 15:19:38'),
(1200402, 'BUENOS AIRES', 12004, 120, 1, '2020-08-31 15:19:38', '2020-08-31 15:19:38'),
(1200403, 'CHALACO', 12004, 120, 1, '2020-08-31 15:19:38', '2020-08-31 15:19:38'),
(1200404, 'LA MATANZA', 12004, 120, 1, '2020-08-31 15:19:38', '2020-08-31 15:19:38'),
(1200405, 'MORROPON', 12004, 120, 1, '2020-08-31 15:19:38', '2020-08-31 15:19:38'),
(1200406, 'SALITRAL', 12004, 120, 1, '2020-08-31 15:19:38', '2020-08-31 15:19:38'),
(1200407, 'SAN JUAN DE BIGOTE', 12004, 120, 1, '2020-08-31 15:19:38', '2020-08-31 15:19:38'),
(1200408, 'SANTA CATALINA DE MOSSA', 12004, 120, 1, '2020-08-31 15:19:38', '2020-08-31 15:19:38'),
(1200409, 'SANTO DOMINGO', 12004, 120, 1, '2020-08-31 15:19:38', '2020-08-31 15:19:38'),
(1200410, 'YAMANGO', 12004, 120, 1, '2020-08-31 15:19:38', '2020-08-31 15:19:38'),
(1200501, 'PAITA', 12005, 120, 1, '2020-08-31 15:19:38', '2020-08-31 15:19:38'),
(1200502, 'AMOTAPE', 12005, 120, 1, '2020-08-31 15:19:38', '2020-08-31 15:19:38'),
(1200503, 'ARENAL', 12005, 120, 1, '2020-08-31 15:19:38', '2020-08-31 15:19:38'),
(1200504, 'COLAN', 12005, 120, 1, '2020-08-31 15:19:38', '2020-08-31 15:19:38'),
(1200505, 'LA HUACA', 12005, 120, 1, '2020-08-31 15:19:38', '2020-08-31 15:19:38'),
(1200506, 'TAMARINDO', 12005, 120, 1, '2020-08-31 15:19:38', '2020-08-31 15:19:38'),
(1200507, 'VICHAYAL', 12005, 120, 1, '2020-08-31 15:19:38', '2020-08-31 15:19:38'),
(1200601, 'SULLANA', 12006, 120, 1, '2020-08-31 15:19:38', '2020-08-31 15:19:38'),
(1200602, 'BELLAVISTA', 12006, 120, 1, '2020-08-31 15:19:38', '2020-08-31 15:19:38'),
(1200603, 'IGNACIO ESCUDERO', 12006, 120, 1, '2020-08-31 15:19:38', '2020-08-31 15:19:38'),
(1200604, 'LANCONES', 12006, 120, 1, '2020-08-31 15:19:38', '2020-08-31 15:19:38'),
(1200605, 'MARCAVELICA', 12006, 120, 1, '2020-08-31 15:19:38', '2020-08-31 15:19:38'),
(1200606, 'MIGUEL CHECA', 12006, 120, 1, '2020-08-31 15:19:38', '2020-08-31 15:19:38'),
(1200607, 'QUERECOTILLO', 12006, 120, 1, '2020-08-31 15:19:38', '2020-08-31 15:19:38'),
(1200608, 'SALITRAL', 12006, 120, 1, '2020-08-31 15:19:38', '2020-08-31 15:19:38'),
(1200701, 'PARIÑAS', 12007, 120, 1, '2020-08-31 15:19:38', '2020-08-31 15:19:38'),
(1200702, 'EL ALTO', 12007, 120, 1, '2020-08-31 15:19:38', '2020-08-31 15:19:38'),
(1200703, 'LA BREA', 12007, 120, 1, '2020-08-31 15:19:38', '2020-08-31 15:19:38'),
(1200704, 'LOBITOS', 12007, 120, 1, '2020-08-31 15:19:38', '2020-08-31 15:19:38'),
(1200705, 'LOS ÓRGANOS', 12007, 120, 1, '2020-08-31 15:19:38', '2020-08-31 15:19:38'),
(1200706, 'MANCORA', 12007, 120, 1, '2020-08-31 15:19:38', '2020-08-31 15:19:38'),
(1200801, 'SECHURA', 12008, 120, 1, '2020-08-31 15:19:38', '2020-08-31 15:19:38'),
(1200802, 'BELLAVISTA DE LA UNION', 12008, 120, 1, '2020-08-31 15:19:38', '2020-08-31 15:19:38'),
(1200803, 'BERNAL', 12008, 120, 1, '2020-08-31 15:19:38', '2020-08-31 15:19:38'),
(1200804, 'CRISTO NOS VALGA', 12008, 120, 1, '2020-08-31 15:19:38', '2020-08-31 15:19:38'),
(1200805, 'VICE', 12008, 120, 1, '2020-08-31 15:19:38', '2020-08-31 15:19:38'),
(1200806, 'RINCONADA LLICUAR', 12008, 120, 1, '2020-08-31 15:19:38', '2020-08-31 15:19:38'),
(1210101, 'PUNO', 12101, 121, 1, '2020-08-31 15:19:38', '2020-08-31 15:19:38'),
(1210102, 'ACORA', 12101, 121, 1, '2020-08-31 15:19:38', '2020-08-31 15:19:38'),
(1210103, 'AMANTANI', 12101, 121, 1, '2020-08-31 15:19:38', '2020-08-31 15:19:38'),
(1210104, 'ATUNCOLLA', 12101, 121, 1, '2020-08-31 15:19:38', '2020-08-31 15:19:38'),
(1210105, 'CAPACHICA', 12101, 121, 1, '2020-08-31 15:19:38', '2020-08-31 15:19:38'),
(1210106, 'CHUCUITO', 12101, 121, 1, '2020-08-31 15:19:38', '2020-08-31 15:19:38'),
(1210107, 'COATA', 12101, 121, 1, '2020-08-31 15:19:38', '2020-08-31 15:19:38'),
(1210108, 'HUATA', 12101, 121, 1, '2020-08-31 15:19:38', '2020-08-31 15:19:38'),
(1210109, 'MAÑAZO', 12101, 121, 1, '2020-08-31 15:19:38', '2020-08-31 15:19:38'),
(1210110, 'PAUCARCOLLA', 12101, 121, 1, '2020-08-31 15:19:38', '2020-08-31 15:19:38'),
(1210111, 'PICHACANI', 12101, 121, 1, '2020-08-31 15:19:38', '2020-08-31 15:19:38'),
(1210112, 'PLATERIA', 12101, 121, 1, '2020-08-31 15:19:38', '2020-08-31 15:19:38'),
(1210113, 'SAN ANTONIO', 12101, 121, 1, '2020-08-31 15:19:38', '2020-08-31 15:19:38'),
(1210114, 'TIQUILLACA', 12101, 121, 1, '2020-08-31 15:19:38', '2020-08-31 15:19:38'),
(1210115, 'VILQUE', 12101, 121, 1, '2020-08-31 15:19:38', '2020-08-31 15:19:38'),
(1210201, 'AZÁNGARO', 12102, 121, 1, '2020-08-31 15:19:38', '2020-08-31 15:19:38'),
(1210202, 'ACHAYA', 12102, 121, 1, '2020-08-31 15:19:38', '2020-08-31 15:19:38'),
(1210203, 'ARAPA', 12102, 121, 1, '2020-08-31 15:19:38', '2020-08-31 15:19:38'),
(1210204, 'ASILLO', 12102, 121, 1, '2020-08-31 15:19:38', '2020-08-31 15:19:38'),
(1210205, 'CAMINACA', 12102, 121, 1, '2020-08-31 15:19:38', '2020-08-31 15:19:38'),
(1210206, 'CHUPA', 12102, 121, 1, '2020-08-31 15:19:38', '2020-08-31 15:19:38'),
(1210207, 'JOSE DOMINGO CHOQUEHUANCA', 12102, 121, 1, '2020-08-31 15:19:38', '2020-08-31 15:19:38'),
(1210208, 'MUÑANI', 12102, 121, 1, '2020-08-31 15:19:38', '2020-08-31 15:19:38'),
(1210209, 'POTONI', 12102, 121, 1, '2020-08-31 15:19:38', '2020-08-31 15:19:38'),
(1210210, 'SAMAN', 12102, 121, 1, '2020-08-31 15:19:38', '2020-08-31 15:19:38'),
(1210211, 'SAN ANTON', 12102, 121, 1, '2020-08-31 15:19:38', '2020-08-31 15:19:38'),
(1210212, 'SAN JOSE', 12102, 121, 1, '2020-08-31 15:19:38', '2020-08-31 15:19:38'),
(1210213, 'SAN JUAN DE SALINAS', 12102, 121, 1, '2020-08-31 15:19:38', '2020-08-31 15:19:38'),
(1210214, 'SANTIAGO DE PUPUJA', 12102, 121, 1, '2020-08-31 15:19:38', '2020-08-31 15:19:38'),
(1210215, 'TIRAPATA', 12102, 121, 1, '2020-08-31 15:19:38', '2020-08-31 15:19:38'),
(1210301, 'MACUSANI', 12103, 121, 1, '2020-08-31 15:19:38', '2020-08-31 15:19:38'),
(1210302, 'AJOYANI', 12103, 121, 1, '2020-08-31 15:19:38', '2020-08-31 15:19:38'),
(1210303, 'AYAPATA', 12103, 121, 1, '2020-08-31 15:19:38', '2020-08-31 15:19:38'),
(1210304, 'COASA', 12103, 121, 1, '2020-08-31 15:19:38', '2020-08-31 15:19:38'),
(1210305, 'CORANI', 12103, 121, 1, '2020-08-31 15:19:38', '2020-08-31 15:19:38'),
(1210306, 'CRUCERO', 12103, 121, 1, '2020-08-31 15:19:38', '2020-08-31 15:19:38'),
(1210307, 'ITUATA', 12103, 121, 1, '2020-08-31 15:19:38', '2020-08-31 15:19:38'),
(1210308, 'OLLACHEA', 12103, 121, 1, '2020-08-31 15:19:38', '2020-08-31 15:19:38'),
(1210309, 'SAN GABAN', 12103, 121, 1, '2020-08-31 15:19:38', '2020-08-31 15:19:38'),
(1210310, 'USICAYOS', 12103, 121, 1, '2020-08-31 15:19:38', '2020-08-31 15:19:38'),
(1210401, 'JULI', 12104, 121, 1, '2020-08-31 15:19:38', '2020-08-31 15:19:38'),
(1210402, 'DESAGUADERO', 12104, 121, 1, '2020-08-31 15:19:38', '2020-08-31 15:19:38'),
(1210403, 'HUACULLANI', 12104, 121, 1, '2020-08-31 15:19:38', '2020-08-31 15:19:38'),
(1210404, 'KELLUYO', 12104, 121, 1, '2020-08-31 15:19:38', '2020-08-31 15:19:38'),
(1210405, 'PISACOMA', 12104, 121, 1, '2020-08-31 15:19:38', '2020-08-31 15:19:38'),
(1210406, 'POMATA', 12104, 121, 1, '2020-08-31 15:19:38', '2020-08-31 15:19:38'),
(1210407, 'ZEPITA', 12104, 121, 1, '2020-08-31 15:19:38', '2020-08-31 15:19:38'),
(1210501, 'ILAVE', 12105, 121, 1, '2020-08-31 15:19:38', '2020-08-31 15:19:38'),
(1210502, 'CAPAZO', 12105, 121, 1, '2020-08-31 15:19:38', '2020-08-31 15:19:38'),
(1210503, 'PILCUYO', 12105, 121, 1, '2020-08-31 15:19:38', '2020-08-31 15:19:38'),
(1210504, 'SANTA ROSA', 12105, 121, 1, '2020-08-31 15:19:38', '2020-08-31 15:19:38'),
(1210505, 'CONDURIRI', 12105, 121, 1, '2020-08-31 15:19:38', '2020-08-31 15:19:38'),
(1210601, 'HUANCANE', 12106, 121, 1, '2020-08-31 15:19:38', '2020-08-31 15:19:38'),
(1210602, 'COJATA', 12106, 121, 1, '2020-08-31 15:19:38', '2020-08-31 15:19:38'),
(1210603, 'HUATASANI', 12106, 121, 1, '2020-08-31 15:19:38', '2020-08-31 15:19:38'),
(1210604, 'INCHUPALLA', 12106, 121, 1, '2020-08-31 15:19:38', '2020-08-31 15:19:38'),
(1210605, 'PUSI', 12106, 121, 1, '2020-08-31 15:19:38', '2020-08-31 15:19:38'),
(1210606, 'ROSASPATA', 12106, 121, 1, '2020-08-31 15:19:38', '2020-08-31 15:19:38'),
(1210607, 'TARACO', 12106, 121, 1, '2020-08-31 15:19:38', '2020-08-31 15:19:38'),
(1210608, 'VILQUE CHICO', 12106, 121, 1, '2020-08-31 15:19:38', '2020-08-31 15:19:38'),
(1210701, 'LAMPA', 12107, 121, 1, '2020-08-31 15:19:38', '2020-08-31 15:19:38'),
(1210702, 'CABANILLA', 12107, 121, 1, '2020-08-31 15:19:38', '2020-08-31 15:19:38'),
(1210703, 'CALAPUJA', 12107, 121, 1, '2020-08-31 15:19:38', '2020-08-31 15:19:38'),
(1210704, 'NICASIO', 12107, 121, 1, '2020-08-31 15:19:38', '2020-08-31 15:19:38'),
(1210705, 'OCUVIRI', 12107, 121, 1, '2020-08-31 15:19:38', '2020-08-31 15:19:38'),
(1210706, 'PALCA', 12107, 121, 1, '2020-08-31 15:19:38', '2020-08-31 15:19:38'),
(1210707, 'PARATIA', 12107, 121, 1, '2020-08-31 15:19:38', '2020-08-31 15:19:38'),
(1210708, 'PUCARA', 12107, 121, 1, '2020-08-31 15:19:38', '2020-08-31 15:19:38'),
(1210709, 'SANTA LUCÍA', 12107, 121, 1, '2020-08-31 15:19:38', '2020-08-31 15:19:38'),
(1210710, 'VILAVILA', 12107, 121, 1, '2020-08-31 15:19:38', '2020-08-31 15:19:38'),
(1210801, 'AYAVIRI', 12108, 121, 1, '2020-08-31 15:19:38', '2020-08-31 15:19:38'),
(1210802, 'ANTAUTA', 12108, 121, 1, '2020-08-31 15:19:38', '2020-08-31 15:19:38'),
(1210803, 'CUPI', 12108, 121, 1, '2020-08-31 15:19:38', '2020-08-31 15:19:38'),
(1210804, 'LLALLI', 12108, 121, 1, '2020-08-31 15:19:38', '2020-08-31 15:19:38'),
(1210805, 'MACARI', 12108, 121, 1, '2020-08-31 15:19:38', '2020-08-31 15:19:38'),
(1210806, 'NUÑOA', 12108, 121, 1, '2020-08-31 15:19:38', '2020-08-31 15:19:38'),
(1210807, 'ORURILLO', 12108, 121, 1, '2020-08-31 15:19:38', '2020-08-31 15:19:38'),
(1210808, 'SANTA ROSA', 12108, 121, 1, '2020-08-31 15:19:38', '2020-08-31 15:19:38'),
(1210809, 'UMACHIRI', 12108, 121, 1, '2020-08-31 15:19:38', '2020-08-31 15:19:38'),
(1210901, 'MOHO', 12109, 121, 1, '2020-08-31 15:19:38', '2020-08-31 15:19:38'),
(1210902, 'CONIMA', 12109, 121, 1, '2020-08-31 15:19:38', '2020-08-31 15:19:38'),
(1210903, 'HUAYRAPATA', 12109, 121, 1, '2020-08-31 15:19:38', '2020-08-31 15:19:38'),
(1210904, 'TILALI', 12109, 121, 1, '2020-08-31 15:19:38', '2020-08-31 15:19:38'),
(1211001, 'PUTINA', 12110, 121, 1, '2020-08-31 15:19:38', '2020-08-31 15:19:38'),
(1211002, 'ANANEA', 12110, 121, 1, '2020-08-31 15:19:38', '2020-08-31 15:19:38'),
(1211003, 'PEDRO VILCA APAZA', 12110, 121, 1, '2020-08-31 15:19:38', '2020-08-31 15:19:38'),
(1211004, 'QUILCAPUNCU', 12110, 121, 1, '2020-08-31 15:19:38', '2020-08-31 15:19:38'),
(1211005, 'SINA', 12110, 121, 1, '2020-08-31 15:19:38', '2020-08-31 15:19:38'),
(1211101, 'JULIACA', 12111, 121, 1, '2020-08-31 15:19:38', '2020-08-31 15:19:38'),
(1211102, 'CABANA', 12111, 121, 1, '2020-08-31 15:19:38', '2020-08-31 15:19:38'),
(1211103, 'CABANILLAS', 12111, 121, 1, '2020-08-31 15:19:38', '2020-08-31 15:19:38'),
(1211104, 'CARACOTO', 12111, 121, 1, '2020-08-31 15:19:38', '2020-08-31 15:19:38'),
(1211105, 'SAN MIGUEL', 12111, 121, 1, '2020-08-31 15:19:38', '2020-08-31 15:19:38'),
(1211201, 'SANDIA', 12112, 121, 1, '2020-08-31 15:19:38', '2020-08-31 15:19:38'),
(1211202, 'CUYOCUYO', 12112, 121, 1, '2020-08-31 15:19:38', '2020-08-31 15:19:38'),
(1211203, 'LIMBANI', 12112, 121, 1, '2020-08-31 15:19:38', '2020-08-31 15:19:38'),
(1211204, 'PATAMBUCO', 12112, 121, 1, '2020-08-31 15:19:38', '2020-08-31 15:19:38'),
(1211205, 'PHARA', 12112, 121, 1, '2020-08-31 15:19:38', '2020-08-31 15:19:38'),
(1211206, 'QUIACA', 12112, 121, 1, '2020-08-31 15:19:38', '2020-08-31 15:19:38'),
(1211207, 'SAN JUAN DEL ORO', 12112, 121, 1, '2020-08-31 15:19:38', '2020-08-31 15:19:38'),
(1211208, 'YANAHUAYA', 12112, 121, 1, '2020-08-31 15:19:38', '2020-08-31 15:19:38'),
(1211209, 'ALTO INAMBARI', 12112, 121, 1, '2020-08-31 15:19:38', '2020-08-31 15:19:38'),
(1211210, 'SAN PEDRO DE PUTINA PUNCO', 12112, 121, 1, '2020-08-31 15:19:38', '2020-08-31 15:19:38'),
(1211301, 'YUNGUYO', 12113, 121, 1, '2020-08-31 15:19:38', '2020-08-31 15:19:38'),
(1211302, 'ANAPIA', 12113, 121, 1, '2020-08-31 15:19:38', '2020-08-31 15:19:38'),
(1211303, 'COPANI', 12113, 121, 1, '2020-08-31 15:19:38', '2020-08-31 15:19:38'),
(1211304, 'CUTURAPI', 12113, 121, 1, '2020-08-31 15:19:38', '2020-08-31 15:19:38'),
(1211305, 'OLLARAYA', 12113, 121, 1, '2020-08-31 15:19:38', '2020-08-31 15:19:38'),
(1211306, 'TINICACHI', 12113, 121, 1, '2020-08-31 15:19:38', '2020-08-31 15:19:38'),
(1211307, 'UNICACHI', 12113, 121, 1, '2020-08-31 15:19:38', '2020-08-31 15:19:38'),
(1220101, 'MOYOBAMBA', 12201, 122, 1, '2020-08-31 15:19:38', '2020-08-31 15:19:38'),
(1220102, 'CALZADA', 12201, 122, 1, '2020-08-31 15:19:38', '2020-08-31 15:19:38'),
(1220103, 'HABANA', 12201, 122, 1, '2020-08-31 15:19:38', '2020-08-31 15:19:38'),
(1220104, 'JEPELACIO', 12201, 122, 1, '2020-08-31 15:19:38', '2020-08-31 15:19:38'),
(1220105, 'SORITOR', 12201, 122, 1, '2020-08-31 15:19:38', '2020-08-31 15:19:38'),
(1220106, 'YANTALO', 12201, 122, 1, '2020-08-31 15:19:38', '2020-08-31 15:19:38'),
(1220201, 'BELLAVISTA', 12202, 122, 1, '2020-08-31 15:19:38', '2020-08-31 15:19:38'),
(1220202, 'ALTO BIAVO', 12202, 122, 1, '2020-08-31 15:19:38', '2020-08-31 15:19:38'),
(1220203, 'BAJO BIAVO', 12202, 122, 1, '2020-08-31 15:19:38', '2020-08-31 15:19:38'),
(1220204, 'HUALLAGA', 12202, 122, 1, '2020-08-31 15:19:38', '2020-08-31 15:19:38'),
(1220205, 'SAN PABLO', 12202, 122, 1, '2020-08-31 15:19:38', '2020-08-31 15:19:38'),
(1220206, 'SAN RAFAEL', 12202, 122, 1, '2020-08-31 15:19:38', '2020-08-31 15:19:38'),
(1220301, 'SAN JOSE DE SISA', 12203, 122, 1, '2020-08-31 15:19:38', '2020-08-31 15:19:38'),
(1220302, 'AGUA BLANCA', 12203, 122, 1, '2020-08-31 15:19:38', '2020-08-31 15:19:38'),
(1220303, 'SAN MARTÍN', 12203, 122, 1, '2020-08-31 15:19:38', '2020-08-31 15:19:38'),
(1220304, 'SANTA ROSA', 12203, 122, 1, '2020-08-31 15:19:38', '2020-08-31 15:19:38'),
(1220305, 'SHATOJA', 12203, 122, 1, '2020-08-31 15:19:38', '2020-08-31 15:19:38'),
(1220401, 'SAPOSOA', 12204, 122, 1, '2020-08-31 15:19:38', '2020-08-31 15:19:38'),
(1220402, 'ALTO SAPOSOA', 12204, 122, 1, '2020-08-31 15:19:38', '2020-08-31 15:19:38'),
(1220403, 'EL ESLABÓN', 12204, 122, 1, '2020-08-31 15:19:38', '2020-08-31 15:19:38'),
(1220404, 'PISCOYACU', 12204, 122, 1, '2020-08-31 15:19:38', '2020-08-31 15:19:38'),
(1220405, 'SACANCHE', 12204, 122, 1, '2020-08-31 15:19:38', '2020-08-31 15:19:38'),
(1220406, 'TINGO DE SAPOSOA', 12204, 122, 1, '2020-08-31 15:19:38', '2020-08-31 15:19:38'),
(1220501, 'LAMAS', 12205, 122, 1, '2020-08-31 15:19:38', '2020-08-31 15:19:38'),
(1220502, 'ALONSO DE ALVARADO', 12205, 122, 1, '2020-08-31 15:19:38', '2020-08-31 15:19:38'),
(1220503, 'BARRANQUITA', 12205, 122, 1, '2020-08-31 15:19:38', '2020-08-31 15:19:38'),
(1220504, 'CAYNARACHI', 12205, 122, 1, '2020-08-31 15:19:38', '2020-08-31 15:19:38'),
(1220505, 'CUÑUMBUQUI', 12205, 122, 1, '2020-08-31 15:19:38', '2020-08-31 15:19:38'),
(1220506, 'PINTO RECODO', 12205, 122, 1, '2020-08-31 15:19:38', '2020-08-31 15:19:38'),
(1220507, 'RUMISAPA', 12205, 122, 1, '2020-08-31 15:19:38', '2020-08-31 15:19:38'),
(1220508, 'SAN ROQUE DE CUMBAZA', 12205, 122, 1, '2020-08-31 15:19:38', '2020-08-31 15:19:38'),
(1220509, 'SHANAO', 12205, 122, 1, '2020-08-31 15:19:38', '2020-08-31 15:19:38'),
(1220510, 'TABALOSOS', 12205, 122, 1, '2020-08-31 15:19:38', '2020-08-31 15:19:38'),
(1220511, 'ZAPATERO', 12205, 122, 1, '2020-08-31 15:19:38', '2020-08-31 15:19:38'),
(1220601, 'JUANJUI', 12206, 122, 1, '2020-08-31 15:19:38', '2020-08-31 15:19:38'),
(1220602, 'CAMPANILLA', 12206, 122, 1, '2020-08-31 15:19:38', '2020-08-31 15:19:38'),
(1220603, 'HUICUNGO', 12206, 122, 1, '2020-08-31 15:19:38', '2020-08-31 15:19:38'),
(1220604, 'PACHIZA', 12206, 122, 1, '2020-08-31 15:19:38', '2020-08-31 15:19:38'),
(1220605, 'PAJARILLO', 12206, 122, 1, '2020-08-31 15:19:38', '2020-08-31 15:19:38'),
(1220701, 'PICOTA', 12207, 122, 1, '2020-08-31 15:19:38', '2020-08-31 15:19:38'),
(1220702, 'BUENOS AIRES', 12207, 122, 1, '2020-08-31 15:19:38', '2020-08-31 15:19:38'),
(1220703, 'CASPISAPA', 12207, 122, 1, '2020-08-31 15:19:38', '2020-08-31 15:19:38'),
(1220704, 'PILLUANA', 12207, 122, 1, '2020-08-31 15:19:38', '2020-08-31 15:19:38'),
(1220705, 'PUCACACA', 12207, 122, 1, '2020-08-31 15:19:38', '2020-08-31 15:19:38'),
(1220706, 'SAN CRISTOBAL', 12207, 122, 1, '2020-08-31 15:19:38', '2020-08-31 15:19:38'),
(1220707, 'SAN HILARION', 12207, 122, 1, '2020-08-31 15:19:38', '2020-08-31 15:19:38'),
(1220708, 'SHAMBOYACU', 12207, 122, 1, '2020-08-31 15:19:38', '2020-08-31 15:19:38'),
(1220709, 'TINGO DE PONASA', 12207, 122, 1, '2020-08-31 15:19:38', '2020-08-31 15:19:38'),
(1220710, 'TRES UNIDOS', 12207, 122, 1, '2020-08-31 15:19:38', '2020-08-31 15:19:38'),
(1220801, 'RIOJA', 12208, 122, 1, '2020-08-31 15:19:38', '2020-08-31 15:19:38'),
(1220802, 'AWAJUN', 12208, 122, 1, '2020-08-31 15:19:38', '2020-08-31 15:19:38'),
(1220803, 'ELIAS SOPLIN VARGAS', 12208, 122, 1, '2020-08-31 15:19:38', '2020-08-31 15:19:38'),
(1220804, 'NUEVA CAJAMARCA', 12208, 122, 1, '2020-08-31 15:19:38', '2020-08-31 15:19:38'),
(1220805, 'PARDO MIGUEL', 12208, 122, 1, '2020-08-31 15:19:38', '2020-08-31 15:19:38'),
(1220806, 'POSIC', 12208, 122, 1, '2020-08-31 15:19:38', '2020-08-31 15:19:38'),
(1220807, 'SAN FERNANDO', 12208, 122, 1, '2020-08-31 15:19:38', '2020-08-31 15:19:38'),
(1220808, 'YORONGOS', 12208, 122, 1, '2020-08-31 15:19:38', '2020-08-31 15:19:38'),
(1220809, 'YURACYACU', 12208, 122, 1, '2020-08-31 15:19:38', '2020-08-31 15:19:38');
INSERT INTO `distritos` (`IDDISTRITO`, `DISTRITO`, `IDPROVINCIA`, `IDDEPARTAMENTO`, `IDPAIS`, `CREATED_AT`, `UPDATED_AT`) VALUES
(1220901, 'TARAPOTO', 12209, 122, 1, '2020-08-31 15:19:38', '2020-08-31 15:19:38'),
(1220902, 'ALBERTO LEVEAU', 12209, 122, 1, '2020-08-31 15:19:38', '2020-08-31 15:19:38'),
(1220903, 'CACATACHI', 12209, 122, 1, '2020-08-31 15:19:38', '2020-08-31 15:19:38'),
(1220904, 'CHAZUTA', 12209, 122, 1, '2020-08-31 15:19:38', '2020-08-31 15:19:38'),
(1220905, 'CHIPURANA', 12209, 122, 1, '2020-08-31 15:19:38', '2020-08-31 15:19:38'),
(1220906, 'EL PORVENIR', 12209, 122, 1, '2020-08-31 15:19:38', '2020-08-31 15:19:38'),
(1220907, 'HUIMBAYOC', 12209, 122, 1, '2020-08-31 15:19:38', '2020-08-31 15:19:38'),
(1220908, 'JUAN GUERRA', 12209, 122, 1, '2020-08-31 15:19:38', '2020-08-31 15:19:38'),
(1220909, 'LA BANDA DE SHILCAYO', 12209, 122, 1, '2020-08-31 15:19:38', '2020-08-31 15:19:38'),
(1220910, 'MORALES', 12209, 122, 1, '2020-08-31 15:19:38', '2020-08-31 15:19:38'),
(1220911, 'PAPAPLAYA', 12209, 122, 1, '2020-08-31 15:19:38', '2020-08-31 15:19:38'),
(1220912, 'SAN ANTONIO', 12209, 122, 1, '2020-08-31 15:19:38', '2020-08-31 15:19:38'),
(1220913, 'SAUCE', 12209, 122, 1, '2020-08-31 15:19:38', '2020-08-31 15:19:38'),
(1220914, 'SHAPAJA', 12209, 122, 1, '2020-08-31 15:19:38', '2020-08-31 15:19:38'),
(1221001, 'TOCACHE', 12210, 122, 1, '2020-08-31 15:19:38', '2020-08-31 15:19:38'),
(1221002, 'NUEVO PROGRESO', 12210, 122, 1, '2020-08-31 15:19:38', '2020-08-31 15:19:38'),
(1221003, 'PÓLVORA', 12210, 122, 1, '2020-08-31 15:19:38', '2020-08-31 15:19:38'),
(1221004, 'SHUNTE', 12210, 122, 1, '2020-08-31 15:19:38', '2020-08-31 15:19:38'),
(1221005, 'UCHIZA', 12210, 122, 1, '2020-08-31 15:19:38', '2020-08-31 15:19:38'),
(1230101, 'TACNA', 12301, 123, 1, '2020-08-31 15:19:38', '2020-08-31 15:19:38'),
(1230102, 'ALTO DE LA ALIANZA', 12301, 123, 1, '2020-08-31 15:19:38', '2020-08-31 15:19:38'),
(1230103, 'CALANA', 12301, 123, 1, '2020-08-31 15:19:38', '2020-08-31 15:19:38'),
(1230104, 'CIUDAD NUEVA', 12301, 123, 1, '2020-08-31 15:19:38', '2020-08-31 15:19:38'),
(1230105, 'INCLAN', 12301, 123, 1, '2020-08-31 15:19:38', '2020-08-31 15:19:38'),
(1230106, 'PACHIA', 12301, 123, 1, '2020-08-31 15:19:38', '2020-08-31 15:19:38'),
(1230107, 'PALCA', 12301, 123, 1, '2020-08-31 15:19:38', '2020-08-31 15:19:38'),
(1230108, 'POCOLLAY', 12301, 123, 1, '2020-08-31 15:19:38', '2020-08-31 15:19:38'),
(1230109, 'SAMA', 12301, 123, 1, '2020-08-31 15:19:38', '2020-08-31 15:19:38'),
(1230110, 'CORONEL GREGORIO ALBARRACIN LANCHIPA', 12301, 123, 1, '2020-08-31 15:19:38', '2020-08-31 15:19:38'),
(1230111, 'LA YARADA LOS PALOS', 12301, 123, 1, '2020-08-31 15:19:38', '2020-08-31 15:19:38'),
(1230201, 'CANDARAVE', 12302, 123, 1, '2020-08-31 15:19:38', '2020-08-31 15:19:38'),
(1230202, 'CAIRANI', 12302, 123, 1, '2020-08-31 15:19:38', '2020-08-31 15:19:38'),
(1230203, 'CAMILACA', 12302, 123, 1, '2020-08-31 15:19:38', '2020-08-31 15:19:38'),
(1230204, 'CURIBAYA', 12302, 123, 1, '2020-08-31 15:19:38', '2020-08-31 15:19:38'),
(1230205, 'HUANUARA', 12302, 123, 1, '2020-08-31 15:19:38', '2020-08-31 15:19:38'),
(1230206, 'QUILAHUANI', 12302, 123, 1, '2020-08-31 15:19:38', '2020-08-31 15:19:38'),
(1230301, 'LOCUMBA', 12303, 123, 1, '2020-08-31 15:19:38', '2020-08-31 15:19:38'),
(1230302, 'ILABAYA', 12303, 123, 1, '2020-08-31 15:19:38', '2020-08-31 15:19:38'),
(1230303, 'ITE', 12303, 123, 1, '2020-08-31 15:19:38', '2020-08-31 15:19:38'),
(1230401, 'TARATA', 12304, 123, 1, '2020-08-31 15:19:38', '2020-08-31 15:19:38'),
(1230402, 'HEROES ALBARRACIN', 12304, 123, 1, '2020-08-31 15:19:38', '2020-08-31 15:19:38'),
(1230403, 'ESTIQUE', 12304, 123, 1, '2020-08-31 15:19:38', '2020-08-31 15:19:38'),
(1230404, 'ESTIQUE-PAMPA', 12304, 123, 1, '2020-08-31 15:19:38', '2020-08-31 15:19:38'),
(1230405, 'SITAJARA', 12304, 123, 1, '2020-08-31 15:19:38', '2020-08-31 15:19:38'),
(1230406, 'SUSAPAYA', 12304, 123, 1, '2020-08-31 15:19:38', '2020-08-31 15:19:38'),
(1230407, 'TARUCACHI', 12304, 123, 1, '2020-08-31 15:19:38', '2020-08-31 15:19:38'),
(1230408, 'TICACO', 12304, 123, 1, '2020-08-31 15:19:38', '2020-08-31 15:19:38'),
(1240101, 'TUMBES', 12401, 124, 1, '2020-08-31 15:19:38', '2020-08-31 15:19:38'),
(1240102, 'CORRALES', 12401, 124, 1, '2020-08-31 15:19:38', '2020-08-31 15:19:38'),
(1240103, 'LA CRUZ', 12401, 124, 1, '2020-08-31 15:19:38', '2020-08-31 15:19:38'),
(1240104, 'PAMPAS DE HOSPITAL', 12401, 124, 1, '2020-08-31 15:19:38', '2020-08-31 15:19:38'),
(1240105, 'SAN JACINTO', 12401, 124, 1, '2020-08-31 15:19:38', '2020-08-31 15:19:38'),
(1240106, 'SAN JUAN DE LA VIRGEN', 12401, 124, 1, '2020-08-31 15:19:38', '2020-08-31 15:19:38'),
(1240201, 'ZORRITOS', 12402, 124, 1, '2020-08-31 15:19:38', '2020-08-31 15:19:38'),
(1240202, 'CASITAS', 12402, 124, 1, '2020-08-31 15:19:38', '2020-08-31 15:19:38'),
(1240203, 'CANOAS DE PUNTA SAL', 12402, 124, 1, '2020-08-31 15:19:38', '2020-08-31 15:19:38'),
(1240301, 'ZARUMILLA', 12403, 124, 1, '2020-08-31 15:19:38', '2020-08-31 15:19:38'),
(1240302, 'AGUAS VERDES', 12403, 124, 1, '2020-08-31 15:19:38', '2020-08-31 15:19:38'),
(1240303, 'MATAPALO', 12403, 124, 1, '2020-08-31 15:19:38', '2020-08-31 15:19:38'),
(1240304, 'PAPAYAL', 12403, 124, 1, '2020-08-31 15:19:38', '2020-08-31 15:19:38'),
(1250101, 'CALLERIA', 12501, 125, 1, '2020-08-31 15:19:38', '2020-08-31 15:19:38'),
(1250102, 'CAMPOVERDE', 12501, 125, 1, '2020-08-31 15:19:38', '2020-08-31 15:19:38'),
(1250103, 'IPARIA', 12501, 125, 1, '2020-08-31 15:19:38', '2020-08-31 15:19:38'),
(1250104, 'MASISEA', 12501, 125, 1, '2020-08-31 15:19:38', '2020-08-31 15:19:38'),
(1250105, 'YARINACOCHA', 12501, 125, 1, '2020-08-31 15:19:38', '2020-08-31 15:19:38'),
(1250106, 'NUEVA REQUENA', 12501, 125, 1, '2020-08-31 15:19:38', '2020-08-31 15:19:38'),
(1250107, 'MANANTAY', 12501, 125, 1, '2020-08-31 15:19:38', '2020-08-31 15:19:38'),
(1250201, 'RAIMONDI', 12502, 125, 1, '2020-08-31 15:19:38', '2020-08-31 15:19:38'),
(1250202, 'SEPAHUA', 12502, 125, 1, '2020-08-31 15:19:38', '2020-08-31 15:19:38'),
(1250203, 'TAHUANIA', 12502, 125, 1, '2020-08-31 15:19:38', '2020-08-31 15:19:38'),
(1250204, 'YURUA', 12502, 125, 1, '2020-08-31 15:19:38', '2020-08-31 15:19:38'),
(1250301, 'PADRE ABAD', 12503, 125, 1, '2020-08-31 15:19:38', '2020-08-31 15:19:38'),
(1250302, 'IRAZOLA', 12503, 125, 1, '2020-08-31 15:19:38', '2020-08-31 15:19:38'),
(1250303, 'CURIMANA', 12503, 125, 1, '2020-08-31 15:19:38', '2020-08-31 15:19:38'),
(1250304, 'NESHUYA', 12503, 125, 1, '2020-08-31 15:19:38', '2020-08-31 15:19:38'),
(1250305, 'ALEXANDER VON HUMBOLDT', 12503, 125, 1, '2020-08-31 15:19:38', '2020-08-31 15:19:38'),
(1250401, 'PURUS', 12504, 125, 1, '2020-08-31 15:19:38', '2020-08-31 15:19:38');

-- --------------------------------------------------------

--
-- Estructura de tabla para la tabla `docentes`
--

DROP TABLE IF EXISTS `docentes`;
CREATE TABLE IF NOT EXISTS `docentes` (
  `IDDOCENTE` int(11) NOT NULL AUTO_INCREMENT,
  `APENOM` varchar(200) DEFAULT NULL,
  `DNI` varchar(20) DEFAULT NULL,
  `DIRECCION` varchar(150) DEFAULT NULL,
  `ESTADOCIVIL` varchar(20) DEFAULT NULL,
  `TELEFONO` int(11) DEFAULT NULL,
  `SEGUROSOCIAL` varchar(80) DEFAULT NULL,
  `IDNIVEL` int(11) DEFAULT NULL,
  `IDGRADO` int(11) DEFAULT NULL,
  `IDSECCION` int(11) DEFAULT NULL,
  `FECINGRESO` date DEFAULT NULL,
  `ESTADO` char(1) DEFAULT NULL,
  `CREATED_AT` datetime DEFAULT CURRENT_TIMESTAMP,
  `UPDATED_AT` datetime DEFAULT CURRENT_TIMESTAMP,
  PRIMARY KEY (`IDDOCENTE`),
  KEY `IDNIVEL` (`IDNIVEL`),
  KEY `IDGRADO` (`IDGRADO`),
  KEY `IDSECCION` (`IDSECCION`)
) ENGINE=MyISAM AUTO_INCREMENT=3 DEFAULT CHARSET=utf8mb4 COLLATE=utf8mb4_0900_ai_ci;

--
-- Volcado de datos para la tabla `docentes`
--

INSERT INTO `docentes` (`IDDOCENTE`, `APENOM`, `DNI`, `DIRECCION`, `ESTADOCIVIL`, `TELEFONO`, `SEGUROSOCIAL`, `IDNIVEL`, `IDGRADO`, `IDSECCION`, `FECINGRESO`, `ESTADO`, `CREATED_AT`, `UPDATED_AT`) VALUES
(1, 'Azañedo Games Wilson David', '11122233', 'Trujillo', 'SOLTERO', 44123456, 'SI', NULL, NULL, NULL, '2020-08-23', '1', '2020-08-31 22:01:11', '2020-08-31 22:56:11'),
(2, 'lEON vICTOR', '4684', 'TRUJILLO', 'CASADO', 64684, 'NO', NULL, NULL, NULL, '2020-08-31', '1', '2020-08-31 22:42:42', '2020-08-31 22:42:49');

-- --------------------------------------------------------

--
-- Estructura de tabla para la tabla `failed_jobs`
--

DROP TABLE IF EXISTS `failed_jobs`;
CREATE TABLE IF NOT EXISTS `failed_jobs` (
  `id` bigint(20) UNSIGNED NOT NULL AUTO_INCREMENT,
  `connection` text COLLATE utf8mb4_unicode_ci NOT NULL,
  `queue` text COLLATE utf8mb4_unicode_ci NOT NULL,
  `payload` longtext COLLATE utf8mb4_unicode_ci NOT NULL,
  `exception` longtext COLLATE utf8mb4_unicode_ci NOT NULL,
  `failed_at` timestamp NOT NULL DEFAULT CURRENT_TIMESTAMP,
  PRIMARY KEY (`id`)
) ENGINE=MyISAM DEFAULT CHARSET=utf8mb4 COLLATE=utf8mb4_unicode_ci;

-- --------------------------------------------------------

--
-- Estructura de tabla para la tabla `grados`
--

DROP TABLE IF EXISTS `grados`;
CREATE TABLE IF NOT EXISTS `grados` (
  `IDGRADO` int(11) NOT NULL AUTO_INCREMENT,
  `IDNIVEL` int(11) NOT NULL,
  `GRADO` varchar(50) DEFAULT NULL,
  `CREATED_AT` datetime DEFAULT CURRENT_TIMESTAMP,
  `UPDATED_AT` datetime DEFAULT CURRENT_TIMESTAMP,
  PRIMARY KEY (`IDGRADO`),
  KEY `IDNIVEL` (`IDNIVEL`)
) ENGINE=MyISAM AUTO_INCREMENT=15 DEFAULT CHARSET=utf8mb4 COLLATE=utf8mb4_0900_ai_ci;

--
-- Volcado de datos para la tabla `grados`
--

INSERT INTO `grados` (`IDGRADO`, `IDNIVEL`, `GRADO`, `CREATED_AT`, `UPDATED_AT`) VALUES
(1, 1, '3 años', '2020-08-31 14:23:53', '2020-08-31 14:23:53'),
(2, 1, '4 años', '2020-08-31 14:23:53', '2020-08-31 14:23:53'),
(3, 1, '5 años', '2020-08-31 14:23:53', '2020-08-31 14:23:53'),
(4, 2, 'Primero de Primaria', '2020-08-31 14:23:53', '2020-08-31 14:23:53'),
(5, 2, 'Segundo de Primaria', '2020-08-31 14:23:53', '2020-08-31 14:23:53'),
(6, 2, 'Tercero de Primaria', '2020-08-31 14:23:53', '2020-08-31 14:23:53'),
(7, 2, 'Cuarto de Primaria', '2020-08-31 14:23:53', '2020-08-31 14:23:53'),
(8, 2, 'Quinto de Primaria', '2020-08-31 14:23:53', '2020-08-31 14:23:53'),
(9, 2, 'Sexto de Primaria', '2020-08-31 14:23:53', '2020-08-31 14:23:53'),
(10, 3, 'Primero de Secundaria', '2020-08-31 14:23:53', '2020-08-31 14:23:53'),
(11, 3, 'Segundo de Secundaria', '2020-08-31 14:23:53', '2020-08-31 14:23:53'),
(12, 3, 'Tercero de Secundaria', '2020-08-31 14:23:53', '2020-08-31 14:23:53'),
(13, 3, 'Cuarto de Secundaria', '2020-08-31 14:23:53', '2020-08-31 14:23:53'),
(14, 3, 'Quinto de Secundaria', '2020-08-31 14:23:53', '2020-08-31 14:23:53');

-- --------------------------------------------------------

--
-- Estructura de tabla para la tabla `matriculas`
--

DROP TABLE IF EXISTS `matriculas`;
CREATE TABLE IF NOT EXISTS `matriculas` (
  `IDMATRICULA` int(11) NOT NULL AUTO_INCREMENT,
  `IDALUMNO` varchar(60) NOT NULL,
  `FECMATRICULA` datetime DEFAULT CURRENT_TIMESTAMP,
  `IDNIVEL` int(11) NOT NULL,
  `IDGRADO` int(11) NOT NULL,
  `IDSECCION` int(11) NOT NULL,
  `AÑOINGRESO` int(11) DEFAULT NULL,
  `ESTADO` char(1) DEFAULT NULL,
  `CREATED_AT` datetime DEFAULT CURRENT_TIMESTAMP,
  `UPDATED_AT` datetime DEFAULT CURRENT_TIMESTAMP,
  PRIMARY KEY (`IDMATRICULA`),
  KEY `IDALUMNO` (`IDALUMNO`),
  KEY `IDNIVEL` (`IDNIVEL`),
  KEY `IDGRADO` (`IDGRADO`),
  KEY `IDSECCION` (`IDSECCION`)
) ENGINE=MyISAM AUTO_INCREMENT=9 DEFAULT CHARSET=utf8mb4 COLLATE=utf8mb4_0900_ai_ci;

--
-- Volcado de datos para la tabla `matriculas`
--

INSERT INTO `matriculas` (`IDMATRICULA`, `IDALUMNO`, `FECMATRICULA`, `IDNIVEL`, `IDGRADO`, `IDSECCION`, `AÑOINGRESO`, `ESTADO`, `CREATED_AT`, `UPDATED_AT`) VALUES
(1, '1', '2020-08-31 00:00:00', 1, 1, 3, 2020, '1', '2020-08-31 20:24:47', '2020-08-31 20:24:47'),
(2, '1', '2020-08-31 00:00:00', 1, 2, 4, 2020, '1', '2020-08-31 21:42:49', '2020-08-31 21:42:49'),
(3, '2', '2020-08-31 00:00:00', 2, 4, 10, 2020, '1', '2020-08-31 21:44:46', '2020-08-31 21:44:46'),
(4, '1', '2020-08-31 00:00:00', 1, 3, 6, 2020, '1', '2020-08-31 21:48:51', '2020-08-31 21:48:51'),
(5, '1', '2020-08-31 00:00:00', 2, 4, 11, 2020, '1', '2020-08-31 21:52:52', '2020-08-31 21:52:52'),
(6, '1', '2020-08-31 00:00:00', 2, 5, 12, 2020, '1', '2020-08-31 22:44:12', '2020-08-31 22:44:12'),
(7, '3', '2020-08-31 00:00:00', 3, 12, 26, 2020, '1', '2020-08-31 22:45:44', '2020-08-31 22:45:44'),
(8, '1', '2020-10-03 00:00:00', 2, 6, 14, 2020, NULL, '2020-10-03 00:41:17', '2020-10-03 00:41:17');

-- --------------------------------------------------------

--
-- Estructura de tabla para la tabla `migrations`
--

DROP TABLE IF EXISTS `migrations`;
CREATE TABLE IF NOT EXISTS `migrations` (
  `id` int(10) UNSIGNED NOT NULL AUTO_INCREMENT,
  `migration` varchar(255) COLLATE utf8mb4_unicode_ci NOT NULL,
  `batch` int(11) NOT NULL,
  PRIMARY KEY (`id`)
) ENGINE=MyISAM AUTO_INCREMENT=4 DEFAULT CHARSET=utf8mb4 COLLATE=utf8mb4_unicode_ci;

--
-- Volcado de datos para la tabla `migrations`
--

INSERT INTO `migrations` (`id`, `migration`, `batch`) VALUES
(1, '2014_10_12_000000_create_users_table', 1),
(2, '2014_10_12_100000_create_password_resets_table', 1),
(3, '2019_08_19_000000_create_failed_jobs_table', 1);

-- --------------------------------------------------------

--
-- Estructura de tabla para la tabla `niveles`
--

DROP TABLE IF EXISTS `niveles`;
CREATE TABLE IF NOT EXISTS `niveles` (
  `IDNIVEL` int(11) NOT NULL AUTO_INCREMENT,
  `NIVEL` varchar(50) DEFAULT NULL,
  `CREATED_AT` datetime DEFAULT CURRENT_TIMESTAMP,
  `UPDATED_AT` datetime DEFAULT CURRENT_TIMESTAMP,
  PRIMARY KEY (`IDNIVEL`)
) ENGINE=MyISAM AUTO_INCREMENT=4 DEFAULT CHARSET=utf8mb4 COLLATE=utf8mb4_0900_ai_ci;

--
-- Volcado de datos para la tabla `niveles`
--

INSERT INTO `niveles` (`IDNIVEL`, `NIVEL`, `CREATED_AT`, `UPDATED_AT`) VALUES
(1, 'Inicial', '2020-08-31 14:23:53', '2020-08-31 14:23:53'),
(2, 'Primaria', '2020-08-31 14:23:53', '2020-08-31 14:23:53'),
(3, 'Secundaria', '2020-08-31 14:23:53', '2020-08-31 14:23:53');

-- --------------------------------------------------------

--
-- Estructura de tabla para la tabla `paises`
--

DROP TABLE IF EXISTS `paises`;
CREATE TABLE IF NOT EXISTS `paises` (
  `IDPAIS` int(11) NOT NULL AUTO_INCREMENT,
  `PAIS` varchar(20) DEFAULT NULL,
  `CREATED_AT` datetime DEFAULT CURRENT_TIMESTAMP,
  `UPDATED_AT` datetime DEFAULT CURRENT_TIMESTAMP,
  PRIMARY KEY (`IDPAIS`)
) ENGINE=MyISAM AUTO_INCREMENT=2 DEFAULT CHARSET=utf8mb4 COLLATE=utf8mb4_0900_ai_ci;

--
-- Volcado de datos para la tabla `paises`
--

INSERT INTO `paises` (`IDPAIS`, `PAIS`, `CREATED_AT`, `UPDATED_AT`) VALUES
(1, 'PERÚ', '2020-08-31 14:23:52', '2020-08-31 14:23:52');

-- --------------------------------------------------------

--
-- Estructura de tabla para la tabla `password_resets`
--

DROP TABLE IF EXISTS `password_resets`;
CREATE TABLE IF NOT EXISTS `password_resets` (
  `email` varchar(190) COLLATE utf8mb4_unicode_ci NOT NULL,
  `token` varchar(255) COLLATE utf8mb4_unicode_ci NOT NULL,
  `created_at` timestamp NULL DEFAULT NULL
) ENGINE=MyISAM DEFAULT CHARSET=utf8mb4 COLLATE=utf8mb4_unicode_ci;

-- --------------------------------------------------------

--
-- Estructura de tabla para la tabla `provincias`
--

DROP TABLE IF EXISTS `provincias`;
CREATE TABLE IF NOT EXISTS `provincias` (
  `IDPROVINCIA` int(11) NOT NULL AUTO_INCREMENT,
  `PROVINCIA` varchar(100) DEFAULT NULL,
  `IDDEPARTAMENTO` int(11) NOT NULL,
  `IDPAIS` int(11) NOT NULL,
  `CREATED_AT` datetime DEFAULT CURRENT_TIMESTAMP,
  `UPDATED_AT` datetime DEFAULT CURRENT_TIMESTAMP,
  PRIMARY KEY (`IDPROVINCIA`),
  KEY `IDPAIS` (`IDPAIS`),
  KEY `IDDEPARTAMENTO` (`IDDEPARTAMENTO`)
) ENGINE=MyISAM AUTO_INCREMENT=12505 DEFAULT CHARSET=utf8mb4 COLLATE=utf8mb4_0900_ai_ci;

--
-- Volcado de datos para la tabla `provincias`
--

INSERT INTO `provincias` (`IDPROVINCIA`, `PROVINCIA`, `IDDEPARTAMENTO`, `IDPAIS`, `CREATED_AT`, `UPDATED_AT`) VALUES
(10101, 'CHACHAPOYAS', 101, 1, '2020-08-31 15:19:34', '2020-08-31 15:19:34'),
(10102, 'BAGUA', 101, 1, '2020-08-31 15:19:34', '2020-08-31 15:19:34'),
(10103, 'BONGARÁ', 101, 1, '2020-08-31 15:19:34', '2020-08-31 15:19:34'),
(10104, 'CONDORCANQUI', 101, 1, '2020-08-31 15:19:34', '2020-08-31 15:19:34'),
(10105, 'LUYA', 101, 1, '2020-08-31 15:19:34', '2020-08-31 15:19:34'),
(10106, 'RODRÍGUEZ DE MENDOZA', 101, 1, '2020-08-31 15:19:34', '2020-08-31 15:19:34'),
(10107, 'UTCUBAMBA', 101, 1, '2020-08-31 15:19:34', '2020-08-31 15:19:34'),
(10201, 'HUARAZ', 102, 1, '2020-08-31 15:19:34', '2020-08-31 15:19:34'),
(10202, 'AIJA', 102, 1, '2020-08-31 15:19:34', '2020-08-31 15:19:34'),
(10203, 'ANTONIO RAIMONDI', 102, 1, '2020-08-31 15:19:34', '2020-08-31 15:19:34'),
(10204, 'ASUNCIÓN', 102, 1, '2020-08-31 15:19:34', '2020-08-31 15:19:34'),
(10205, 'BOLOGNESI', 102, 1, '2020-08-31 15:19:34', '2020-08-31 15:19:34'),
(10206, 'CARHUAZ', 102, 1, '2020-08-31 15:19:34', '2020-08-31 15:19:34'),
(10207, 'CARLOS FERMÍN FITZCARRALD', 102, 1, '2020-08-31 15:19:34', '2020-08-31 15:19:34'),
(10208, 'CASMA', 102, 1, '2020-08-31 15:19:34', '2020-08-31 15:19:34'),
(10209, 'CORONGO', 102, 1, '2020-08-31 15:19:34', '2020-08-31 15:19:34'),
(10210, 'HUARI', 102, 1, '2020-08-31 15:19:34', '2020-08-31 15:19:34'),
(10211, 'HUARMEY', 102, 1, '2020-08-31 15:19:34', '2020-08-31 15:19:34'),
(10212, 'HUAYLAS', 102, 1, '2020-08-31 15:19:34', '2020-08-31 15:19:34'),
(10213, 'MARISCAL LUZURIAGA', 102, 1, '2020-08-31 15:19:34', '2020-08-31 15:19:34'),
(10214, 'OCROS', 102, 1, '2020-08-31 15:19:34', '2020-08-31 15:19:34'),
(10215, 'PALLASCA', 102, 1, '2020-08-31 15:19:34', '2020-08-31 15:19:34'),
(10216, 'POMABAMBA', 102, 1, '2020-08-31 15:19:34', '2020-08-31 15:19:34'),
(10217, 'RECUAY', 102, 1, '2020-08-31 15:19:34', '2020-08-31 15:19:34'),
(10218, 'SANTA', 102, 1, '2020-08-31 15:19:34', '2020-08-31 15:19:34'),
(10219, 'SIHUAS', 102, 1, '2020-08-31 15:19:34', '2020-08-31 15:19:34'),
(10220, 'YUNGAY', 102, 1, '2020-08-31 15:19:34', '2020-08-31 15:19:34'),
(10301, 'ABANCAY', 103, 1, '2020-08-31 15:19:34', '2020-08-31 15:19:34'),
(10302, 'ANDAHUAYLAS', 103, 1, '2020-08-31 15:19:34', '2020-08-31 15:19:34'),
(10303, 'ANTABAMBA', 103, 1, '2020-08-31 15:19:34', '2020-08-31 15:19:34'),
(10304, 'AYMARAES', 103, 1, '2020-08-31 15:19:34', '2020-08-31 15:19:34'),
(10305, 'COTABAMBAS', 103, 1, '2020-08-31 15:19:34', '2020-08-31 15:19:34'),
(10306, 'CHINCHEROS', 103, 1, '2020-08-31 15:19:34', '2020-08-31 15:19:34'),
(10307, 'GRAU', 103, 1, '2020-08-31 15:19:34', '2020-08-31 15:19:34'),
(10401, 'AREQUIPA', 104, 1, '2020-08-31 15:19:34', '2020-08-31 15:19:34'),
(10402, 'CAMANÁ', 104, 1, '2020-08-31 15:19:34', '2020-08-31 15:19:34'),
(10403, 'CARAVELÍ', 104, 1, '2020-08-31 15:19:34', '2020-08-31 15:19:34'),
(10404, 'CASTILLA', 104, 1, '2020-08-31 15:19:34', '2020-08-31 15:19:34'),
(10405, 'CAYLLOMA', 104, 1, '2020-08-31 15:19:34', '2020-08-31 15:19:34'),
(10406, 'CONDESUYOS', 104, 1, '2020-08-31 15:19:34', '2020-08-31 15:19:34'),
(10407, 'ISLAY', 104, 1, '2020-08-31 15:19:34', '2020-08-31 15:19:34'),
(10408, 'LA UNIÓN', 104, 1, '2020-08-31 15:19:34', '2020-08-31 15:19:34'),
(10501, 'HUAMANGA', 105, 1, '2020-08-31 15:19:34', '2020-08-31 15:19:34'),
(10502, 'CANGALLO', 105, 1, '2020-08-31 15:19:34', '2020-08-31 15:19:34'),
(10503, 'HUANCA SANCOS', 105, 1, '2020-08-31 15:19:34', '2020-08-31 15:19:34'),
(10504, 'HUANTA', 105, 1, '2020-08-31 15:19:34', '2020-08-31 15:19:34'),
(10505, 'LA MAR', 105, 1, '2020-08-31 15:19:34', '2020-08-31 15:19:34'),
(10506, 'LUCANAS', 105, 1, '2020-08-31 15:19:34', '2020-08-31 15:19:34'),
(10507, 'PARINACOCHAS', 105, 1, '2020-08-31 15:19:34', '2020-08-31 15:19:34'),
(10508, 'PÁUCAR DEL SARA SARA', 105, 1, '2020-08-31 15:19:34', '2020-08-31 15:19:34'),
(10509, 'SUCRE', 105, 1, '2020-08-31 15:19:34', '2020-08-31 15:19:34'),
(10510, 'VÍCTOR FAJARDO', 105, 1, '2020-08-31 15:19:34', '2020-08-31 15:19:34'),
(10511, 'VILCAS HUAMÁN', 105, 1, '2020-08-31 15:19:34', '2020-08-31 15:19:34'),
(10601, 'CAJAMARCA', 106, 1, '2020-08-31 15:19:34', '2020-08-31 15:19:34'),
(10602, 'CAJABAMBA', 106, 1, '2020-08-31 15:19:34', '2020-08-31 15:19:34'),
(10603, 'CELENDÍN', 106, 1, '2020-08-31 15:19:34', '2020-08-31 15:19:34'),
(10604, 'CHOTA', 106, 1, '2020-08-31 15:19:34', '2020-08-31 15:19:34'),
(10605, 'CONTUMAZÁ', 106, 1, '2020-08-31 15:19:34', '2020-08-31 15:19:34'),
(10606, 'CUTERVO', 106, 1, '2020-08-31 15:19:34', '2020-08-31 15:19:34'),
(10607, 'HUALGAYOC', 106, 1, '2020-08-31 15:19:34', '2020-08-31 15:19:34'),
(10608, 'JAÉN', 106, 1, '2020-08-31 15:19:34', '2020-08-31 15:19:34'),
(10609, 'SAN IGNACIO', 106, 1, '2020-08-31 15:19:34', '2020-08-31 15:19:34'),
(10610, 'SAN MARCOS', 106, 1, '2020-08-31 15:19:34', '2020-08-31 15:19:34'),
(10611, 'SAN MIGUEL', 106, 1, '2020-08-31 15:19:34', '2020-08-31 15:19:34'),
(10612, 'SAN PABLO', 106, 1, '2020-08-31 15:19:34', '2020-08-31 15:19:34'),
(10613, 'SANTA CRUZ', 106, 1, '2020-08-31 15:19:34', '2020-08-31 15:19:34'),
(10701, 'CALLAO', 107, 1, '2020-08-31 15:19:34', '2020-08-31 15:19:34'),
(10801, 'CUSCO', 108, 1, '2020-08-31 15:19:34', '2020-08-31 15:19:34'),
(10802, 'ACOMAYO', 108, 1, '2020-08-31 15:19:34', '2020-08-31 15:19:34'),
(10803, 'ANTA', 108, 1, '2020-08-31 15:19:34', '2020-08-31 15:19:34'),
(10804, 'CALCA', 108, 1, '2020-08-31 15:19:34', '2020-08-31 15:19:34'),
(10805, 'CANAS', 108, 1, '2020-08-31 15:19:34', '2020-08-31 15:19:34'),
(10806, 'CANCHIS', 108, 1, '2020-08-31 15:19:34', '2020-08-31 15:19:34'),
(10807, 'CHUMBIVILCAS', 108, 1, '2020-08-31 15:19:34', '2020-08-31 15:19:34'),
(10808, 'ESPINAR', 108, 1, '2020-08-31 15:19:34', '2020-08-31 15:19:34'),
(10809, 'LA CONVENCIÓN', 108, 1, '2020-08-31 15:19:34', '2020-08-31 15:19:34'),
(10810, 'PARURO', 108, 1, '2020-08-31 15:19:34', '2020-08-31 15:19:34'),
(10811, 'PAUCARTAMBO', 108, 1, '2020-08-31 15:19:34', '2020-08-31 15:19:34'),
(10812, 'QUISPICANCHI', 108, 1, '2020-08-31 15:19:34', '2020-08-31 15:19:34'),
(10813, 'URUBAMBA', 108, 1, '2020-08-31 15:19:34', '2020-08-31 15:19:34'),
(10901, 'HUANCAVELICA', 109, 1, '2020-08-31 15:19:34', '2020-08-31 15:19:34'),
(10902, 'ACOBAMBA', 109, 1, '2020-08-31 15:19:34', '2020-08-31 15:19:34'),
(10903, 'ANGARAES', 109, 1, '2020-08-31 15:19:34', '2020-08-31 15:19:34'),
(10904, 'CASTROVIRREYNA', 109, 1, '2020-08-31 15:19:34', '2020-08-31 15:19:34'),
(10905, 'CHURCAMPA', 109, 1, '2020-08-31 15:19:34', '2020-08-31 15:19:34'),
(10906, 'HUAYTARÁ', 109, 1, '2020-08-31 15:19:34', '2020-08-31 15:19:34'),
(10907, 'TAYACAJA', 109, 1, '2020-08-31 15:19:34', '2020-08-31 15:19:34'),
(11001, 'HUÁNUCO', 110, 1, '2020-08-31 15:19:34', '2020-08-31 15:19:34'),
(11002, 'AMBO', 110, 1, '2020-08-31 15:19:34', '2020-08-31 15:19:34'),
(11003, 'DOS DE MAYO', 110, 1, '2020-08-31 15:19:34', '2020-08-31 15:19:34'),
(11004, 'HUACAYBAMBA', 110, 1, '2020-08-31 15:19:34', '2020-08-31 15:19:34'),
(11005, 'HUAMALÍES', 110, 1, '2020-08-31 15:19:34', '2020-08-31 15:19:34'),
(11006, 'LEONCIO PRADO', 110, 1, '2020-08-31 15:19:34', '2020-08-31 15:19:34'),
(11007, 'MARAÑÓN', 110, 1, '2020-08-31 15:19:34', '2020-08-31 15:19:34'),
(11008, 'PACHITEA', 110, 1, '2020-08-31 15:19:34', '2020-08-31 15:19:34'),
(11009, 'PUERTO INCA', 110, 1, '2020-08-31 15:19:34', '2020-08-31 15:19:34'),
(11010, 'LAURICOCHA', 110, 1, '2020-08-31 15:19:34', '2020-08-31 15:19:34'),
(11011, 'YAROWILCA', 110, 1, '2020-08-31 15:19:34', '2020-08-31 15:19:34'),
(11101, 'ICA', 111, 1, '2020-08-31 15:19:34', '2020-08-31 15:19:34'),
(11102, 'CHINCHA', 111, 1, '2020-08-31 15:19:34', '2020-08-31 15:19:34'),
(11103, 'NASCA', 111, 1, '2020-08-31 15:19:34', '2020-08-31 15:19:34'),
(11104, 'PALPA', 111, 1, '2020-08-31 15:19:34', '2020-08-31 15:19:34'),
(11105, 'PISCO', 111, 1, '2020-08-31 15:19:34', '2020-08-31 15:19:34'),
(11201, 'HUANCAYO', 112, 1, '2020-08-31 15:19:34', '2020-08-31 15:19:34'),
(11202, 'CONCEPCIÓN', 112, 1, '2020-08-31 15:19:34', '2020-08-31 15:19:34'),
(11203, 'CHANCHAMAYO', 112, 1, '2020-08-31 15:19:34', '2020-08-31 15:19:34'),
(11204, 'JAUJA', 112, 1, '2020-08-31 15:19:34', '2020-08-31 15:19:34'),
(11205, 'JUNÍN', 112, 1, '2020-08-31 15:19:34', '2020-08-31 15:19:34'),
(11206, 'SATIPO', 112, 1, '2020-08-31 15:19:34', '2020-08-31 15:19:34'),
(11207, 'TARMA', 112, 1, '2020-08-31 15:19:34', '2020-08-31 15:19:34'),
(11208, 'YAULI', 112, 1, '2020-08-31 15:19:34', '2020-08-31 15:19:34'),
(11209, 'CHUPACA', 112, 1, '2020-08-31 15:19:34', '2020-08-31 15:19:34'),
(11301, 'TRUJILLO', 113, 1, '2020-08-31 15:19:34', '2020-08-31 15:19:34'),
(11302, 'ASCOPE', 113, 1, '2020-08-31 15:19:34', '2020-08-31 15:19:34'),
(11303, 'BOLÍVAR', 113, 1, '2020-08-31 15:19:34', '2020-08-31 15:19:34'),
(11304, 'CHEPÉN', 113, 1, '2020-08-31 15:19:34', '2020-08-31 15:19:34'),
(11305, 'JULCÁN', 113, 1, '2020-08-31 15:19:34', '2020-08-31 15:19:34'),
(11306, 'OTUZCO', 113, 1, '2020-08-31 15:19:34', '2020-08-31 15:19:34'),
(11307, 'PACASMAYO', 113, 1, '2020-08-31 15:19:34', '2020-08-31 15:19:34'),
(11308, 'PATAZ', 113, 1, '2020-08-31 15:19:34', '2020-08-31 15:19:34'),
(11309, 'SÁNCHEZ CARRIÓN', 113, 1, '2020-08-31 15:19:34', '2020-08-31 15:19:34'),
(11310, 'SANTIAGO DE CHUCO', 113, 1, '2020-08-31 15:19:34', '2020-08-31 15:19:34'),
(11311, 'GRAN CHIMÚ', 113, 1, '2020-08-31 15:19:34', '2020-08-31 15:19:34'),
(11312, 'VIRÚ', 113, 1, '2020-08-31 15:19:34', '2020-08-31 15:19:34'),
(11401, 'CHICLAYO', 114, 1, '2020-08-31 15:19:34', '2020-08-31 15:19:34'),
(11402, 'FERREÑAFE', 114, 1, '2020-08-31 15:19:34', '2020-08-31 15:19:34'),
(11403, 'LAMBAYEQUE', 114, 1, '2020-08-31 15:19:34', '2020-08-31 15:19:34'),
(11501, 'LIMA', 115, 1, '2020-08-31 15:19:34', '2020-08-31 15:19:34'),
(11502, 'BARRANCA', 115, 1, '2020-08-31 15:19:34', '2020-08-31 15:19:34'),
(11503, 'CAJATAMBO', 115, 1, '2020-08-31 15:19:34', '2020-08-31 15:19:34'),
(11504, 'CANTA', 115, 1, '2020-08-31 15:19:34', '2020-08-31 15:19:34'),
(11505, 'CAÑETE', 115, 1, '2020-08-31 15:19:34', '2020-08-31 15:19:34'),
(11506, 'HUARAL', 115, 1, '2020-08-31 15:19:34', '2020-08-31 15:19:34'),
(11507, 'HUAROCHIRI', 115, 1, '2020-08-31 15:19:34', '2020-08-31 15:19:34'),
(11508, 'HUAURA', 115, 1, '2020-08-31 15:19:34', '2020-08-31 15:19:34'),
(11509, 'OYÓN', 115, 1, '2020-08-31 15:19:34', '2020-08-31 15:19:34'),
(11510, 'YAUYOS', 115, 1, '2020-08-31 15:19:34', '2020-08-31 15:19:34'),
(11601, 'MAYNAS', 116, 1, '2020-08-31 15:19:34', '2020-08-31 15:19:34'),
(11602, 'ALTO AMAZONAS', 116, 1, '2020-08-31 15:19:34', '2020-08-31 15:19:34'),
(11603, 'LORETO', 116, 1, '2020-08-31 15:19:34', '2020-08-31 15:19:34'),
(11604, 'MARISCAL RAMÓN CASTILLA', 116, 1, '2020-08-31 15:19:34', '2020-08-31 15:19:34'),
(11605, 'REQUENA', 116, 1, '2020-08-31 15:19:34', '2020-08-31 15:19:34'),
(11606, 'UCAYALI', 116, 1, '2020-08-31 15:19:34', '2020-08-31 15:19:34'),
(11607, 'DATEM DEL MARAÑÓN', 116, 1, '2020-08-31 15:19:34', '2020-08-31 15:19:34'),
(11608, 'PUTUMAYO', 116, 1, '2020-08-31 15:19:34', '2020-08-31 15:19:34'),
(11701, 'TAMBOPATA', 117, 1, '2020-08-31 15:19:34', '2020-08-31 15:19:34'),
(11702, 'MANU', 117, 1, '2020-08-31 15:19:34', '2020-08-31 15:19:34'),
(11703, 'TAHUAMANU', 117, 1, '2020-08-31 15:19:34', '2020-08-31 15:19:34'),
(11801, 'MARISCAL NIETO', 118, 1, '2020-08-31 15:19:34', '2020-08-31 15:19:34'),
(11802, 'GENERAL SÁNCHEZ CERRO', 118, 1, '2020-08-31 15:19:34', '2020-08-31 15:19:34'),
(11803, 'ILO', 118, 1, '2020-08-31 15:19:34', '2020-08-31 15:19:34'),
(11901, 'PASCO', 119, 1, '2020-08-31 15:19:34', '2020-08-31 15:19:34'),
(11902, 'DANIEL ALCIDES CARRIÓN', 119, 1, '2020-08-31 15:19:34', '2020-08-31 15:19:34'),
(11903, 'OXAPAMPA', 119, 1, '2020-08-31 15:19:34', '2020-08-31 15:19:34'),
(12001, 'PIURA', 120, 1, '2020-08-31 15:19:34', '2020-08-31 15:19:34'),
(12002, 'AYABACA', 120, 1, '2020-08-31 15:19:34', '2020-08-31 15:19:34'),
(12003, 'HUANCABAMBA', 120, 1, '2020-08-31 15:19:34', '2020-08-31 15:19:34'),
(12004, 'MORROPÓN', 120, 1, '2020-08-31 15:19:34', '2020-08-31 15:19:34'),
(12005, 'PAITA', 120, 1, '2020-08-31 15:19:34', '2020-08-31 15:19:34'),
(12006, 'SULLANA', 120, 1, '2020-08-31 15:19:34', '2020-08-31 15:19:34'),
(12007, 'TALARA', 120, 1, '2020-08-31 15:19:34', '2020-08-31 15:19:34'),
(12008, 'SECHURA', 120, 1, '2020-08-31 15:19:34', '2020-08-31 15:19:34'),
(12101, 'PUNO', 121, 1, '2020-08-31 15:19:34', '2020-08-31 15:19:34'),
(12102, 'AZÁNGARO', 121, 1, '2020-08-31 15:19:34', '2020-08-31 15:19:34'),
(12103, 'CARABAYA', 121, 1, '2020-08-31 15:19:34', '2020-08-31 15:19:34'),
(12104, 'CHUCUITO', 121, 1, '2020-08-31 15:19:34', '2020-08-31 15:19:34'),
(12105, 'EL COLLAO', 121, 1, '2020-08-31 15:19:34', '2020-08-31 15:19:34'),
(12106, 'HUANCANÉ', 121, 1, '2020-08-31 15:19:34', '2020-08-31 15:19:34'),
(12107, 'LAMPA', 121, 1, '2020-08-31 15:19:34', '2020-08-31 15:19:34'),
(12108, 'MELGAR', 121, 1, '2020-08-31 15:19:34', '2020-08-31 15:19:34'),
(12109, 'MOHO', 121, 1, '2020-08-31 15:19:34', '2020-08-31 15:19:34'),
(12110, 'SAN ANTONIO DE PUTINA', 121, 1, '2020-08-31 15:19:34', '2020-08-31 15:19:34'),
(12111, 'SAN ROMÁN', 121, 1, '2020-08-31 15:19:34', '2020-08-31 15:19:34'),
(12112, 'SANDIA', 121, 1, '2020-08-31 15:19:34', '2020-08-31 15:19:34'),
(12113, 'YUNGUYO', 121, 1, '2020-08-31 15:19:34', '2020-08-31 15:19:34'),
(12201, 'MOYOBAMBA', 122, 1, '2020-08-31 15:19:34', '2020-08-31 15:19:34'),
(12202, 'BELLAVISTA', 122, 1, '2020-08-31 15:19:34', '2020-08-31 15:19:34'),
(12203, 'EL DORADO', 122, 1, '2020-08-31 15:19:34', '2020-08-31 15:19:34'),
(12204, 'HUALLAGA', 122, 1, '2020-08-31 15:19:34', '2020-08-31 15:19:34'),
(12205, 'LAMAS', 122, 1, '2020-08-31 15:19:34', '2020-08-31 15:19:34'),
(12206, 'MARISCAL CÁCERES', 122, 1, '2020-08-31 15:19:34', '2020-08-31 15:19:34'),
(12207, 'PICOTA', 122, 1, '2020-08-31 15:19:34', '2020-08-31 15:19:34'),
(12208, 'RIOJA', 122, 1, '2020-08-31 15:19:34', '2020-08-31 15:19:34'),
(12209, 'SAN MARTÍN', 122, 1, '2020-08-31 15:19:34', '2020-08-31 15:19:34'),
(12210, 'TOCACHE', 122, 1, '2020-08-31 15:19:34', '2020-08-31 15:19:34'),
(12301, 'TACNA', 123, 1, '2020-08-31 15:19:34', '2020-08-31 15:19:34'),
(12302, 'CANDARAVE', 123, 1, '2020-08-31 15:19:34', '2020-08-31 15:19:34'),
(12303, 'JORGE BASADRE', 123, 1, '2020-08-31 15:19:34', '2020-08-31 15:19:34'),
(12304, 'TARATA', 123, 1, '2020-08-31 15:19:34', '2020-08-31 15:19:34'),
(12401, 'TUMBES', 124, 1, '2020-08-31 15:19:34', '2020-08-31 15:19:34'),
(12402, 'CONTRALMIRANTE VILLAR', 124, 1, '2020-08-31 15:19:34', '2020-08-31 15:19:34'),
(12403, 'ZARUMILLA', 124, 1, '2020-08-31 15:19:34', '2020-08-31 15:19:34'),
(12501, 'CORONEL PORTILLO', 125, 1, '2020-08-31 15:19:34', '2020-08-31 15:19:34'),
(12502, 'ATALAYA', 125, 1, '2020-08-31 15:19:34', '2020-08-31 15:19:34'),
(12503, 'PADRE ABAD', 125, 1, '2020-08-31 15:19:34', '2020-08-31 15:19:34'),
(12504, 'PURUS', 125, 1, '2020-08-31 15:19:34', '2020-08-31 15:19:34');

-- --------------------------------------------------------

--
-- Estructura de tabla para la tabla `secciones`
--

DROP TABLE IF EXISTS `secciones`;
CREATE TABLE IF NOT EXISTS `secciones` (
  `IDSECCION` int(11) NOT NULL AUTO_INCREMENT,
  `IDNIVEL` int(11) NOT NULL,
  `IDGRADO` int(11) NOT NULL,
  `SECCION` varchar(50) DEFAULT NULL,
  `CREATED_AT` datetime DEFAULT CURRENT_TIMESTAMP,
  `UPDATED_AT` datetime DEFAULT CURRENT_TIMESTAMP,
  PRIMARY KEY (`IDSECCION`),
  KEY `IDNIVEL` (`IDNIVEL`),
  KEY `IDGRADO` (`IDGRADO`)
) ENGINE=MyISAM AUTO_INCREMENT=32 DEFAULT CHARSET=utf8mb4 COLLATE=utf8mb4_0900_ai_ci;

--
-- Volcado de datos para la tabla `secciones`
--

INSERT INTO `secciones` (`IDSECCION`, `IDNIVEL`, `IDGRADO`, `SECCION`, `CREATED_AT`, `UPDATED_AT`) VALUES
(1, 1, 1, 'A', '2020-08-31 14:23:53', '2020-08-31 14:23:53'),
(2, 1, 1, 'B', '2020-08-31 14:23:53', '2020-08-31 14:23:53'),
(3, 1, 1, 'C', '2020-08-31 14:23:53', '2020-08-31 14:23:53'),
(4, 1, 2, 'A', '2020-08-31 14:23:53', '2020-08-31 14:23:53'),
(5, 1, 2, 'B', '2020-08-31 14:23:53', '2020-08-31 14:23:53'),
(6, 1, 3, 'A', '2020-08-31 14:23:53', '2020-08-31 14:23:53'),
(7, 1, 3, 'B', '2020-08-31 14:23:53', '2020-08-31 14:23:53'),
(8, 1, 3, 'C', '2020-08-31 14:23:53', '2020-08-31 14:23:53'),
(9, 1, 3, 'D', '2020-08-31 14:23:53', '2020-08-31 14:23:53'),
(10, 2, 4, 'A', '2020-08-31 14:23:53', '2020-08-31 14:23:53'),
(11, 2, 4, 'B', '2020-08-31 14:23:53', '2020-08-31 14:23:53'),
(12, 2, 5, 'A', '2020-08-31 14:23:53', '2020-08-31 14:23:53'),
(13, 2, 5, 'B', '2020-08-31 14:23:53', '2020-08-31 14:23:53'),
(14, 2, 6, 'A', '2020-08-31 14:23:53', '2020-08-31 14:23:53'),
(15, 2, 6, 'B', '2020-08-31 14:23:53', '2020-08-31 14:23:53'),
(16, 2, 7, 'A', '2020-08-31 14:23:53', '2020-08-31 14:23:53'),
(17, 2, 7, 'B', '2020-08-31 14:23:53', '2020-08-31 14:23:53'),
(18, 2, 8, 'A', '2020-08-31 14:23:53', '2020-08-31 14:23:53'),
(19, 2, 8, 'B', '2020-08-31 14:23:53', '2020-08-31 14:23:53'),
(20, 2, 9, 'A', '2020-08-31 14:23:53', '2020-08-31 14:23:53'),
(21, 2, 9, 'B', '2020-08-31 14:23:53', '2020-08-31 14:23:53'),
(22, 3, 10, 'B', '2020-08-31 14:23:53', '2020-08-31 14:23:53'),
(23, 3, 10, 'A', '2020-08-31 14:23:53', '2020-08-31 14:23:53'),
(24, 3, 11, 'B', '2020-08-31 14:23:53', '2020-08-31 14:23:53'),
(25, 3, 11, 'A', '2020-08-31 14:23:53', '2020-08-31 14:23:53'),
(26, 3, 12, 'B', '2020-08-31 14:23:53', '2020-08-31 14:23:53'),
(27, 3, 12, 'A', '2020-08-31 14:23:53', '2020-08-31 14:23:53'),
(28, 3, 13, 'B', '2020-08-31 14:23:53', '2020-08-31 14:23:53'),
(29, 3, 13, 'A', '2020-08-31 14:23:53', '2020-08-31 14:23:53'),
(30, 3, 14, 'B', '2020-08-31 14:23:53', '2020-08-31 14:23:53'),
(31, 3, 14, 'A', '2020-08-31 14:23:53', '2020-08-31 14:23:53');

-- --------------------------------------------------------

--
-- Estructura de tabla para la tabla `users`
--

DROP TABLE IF EXISTS `users`;
CREATE TABLE IF NOT EXISTS `users` (
  `id` bigint(20) UNSIGNED NOT NULL AUTO_INCREMENT,
  `name` varchar(255) COLLATE utf8mb4_unicode_ci NOT NULL,
  `email` varchar(190) COLLATE utf8mb4_unicode_ci NOT NULL,
  `email_verified_at` timestamp NULL DEFAULT NULL,
  `password` varchar(255) COLLATE utf8mb4_unicode_ci NOT NULL,
  `remember_token` varchar(100) COLLATE utf8mb4_unicode_ci DEFAULT NULL,
  `created_at` timestamp NULL DEFAULT NULL,
  `updated_at` timestamp NULL DEFAULT NULL,
  PRIMARY KEY (`id`)
) ENGINE=MyISAM AUTO_INCREMENT=2 DEFAULT CHARSET=utf8mb4 COLLATE=utf8mb4_unicode_ci;

--
-- Volcado de datos para la tabla `users`
--

INSERT INTO `users` (`id`, `name`, `email`, `email_verified_at`, `password`, `remember_token`, `created_at`, `updated_at`) VALUES
(1, 'jhon', 'jhonlivias3@gmail.com', NULL, '$2y$10$2/GR4Yr.Fxlx2F5BR/GVdO/YXtIhboS4Gsb0p/nOhFTuhI4BWU6la', NULL, NULL, NULL);
COMMIT;

/*!40101 SET CHARACTER_SET_CLIENT=@OLD_CHARACTER_SET_CLIENT */;
/*!40101 SET CHARACTER_SET_RESULTS=@OLD_CHARACTER_SET_RESULTS */;
/*!40101 SET COLLATION_CONNECTION=@OLD_COLLATION_CONNECTION */;
